Census Tract,2014,2015,2016,Grand Total
1,"$102,825.00","$99,372.50","$108,892.00","$103,696.50"
2,"$57,469.00","$57,005.33","$62,204.00","$58,892.78"
2.01,"$23,036.00","$20,521.00","$21,102.00","$21,553.00"
2.02,"$29,418.00","$29,684.00","$32,411.00","$30,504.33"
3,"$57,500.00","$59,688.00","$70,078.00","$62,422.00"
3.01,"$105,509.00","$101,544.00","$112,361.00","$106,471.33"
4,"$65,673.00","$64,804.50","$64,466.50","$64,981.33"
5.01,"$110,625.00","$110,700.00","$124,205.00","$115,176.67"
5.02,"$90,375.00","$91,964.00","$100,805.00","$94,381.33"
6,"$39,662.33","$36,070.67","$42,532.33","$39,421.78"
7,"$93,999.25","$96,583.00","$101,790.50","$97,457.58"
8,"$54,391.33","$56,572.33","$59,853.33","$56,939.00"
9,"$116,051.67","$107,027.67","$110,237.33","$111,105.56"
10,"$62,194.00","$61,900.00","$64,821.00","$62,971.67"
10.01,"$83,259.00","$73,239.00","$75,192.00","$77,230.00"
10.02,"$17,972.00","$17,560.00","$16,464.00","$17,332.00"
11,"$73,725.00","$76,144.00","$80,090.50","$76,653.17"
12,"$54,954.50","$52,783.50","$58,237.00","$55,325.00"
13,"$115,926.00","$117,529.00","$115,125.50","$116,193.50"
14,"$75,048.00","$61,081.00","$64,296.00","$66,808.33"
14.01,"$78,300.00","$76,250.00","$75,556.00","$76,702.00"
14.02,"$26,648.00","$24,375.00","$26,971.00","$25,998.00"
15,"$90,993.00","$90,616.00","$94,946.00","$92,185.00"
15.01,"$75,769.00","$81,867.00","$85,426.00","$81,020.67"
15.02,"$134,435.00","$133,209.00","$145,387.00","$137,677.00"
16,"$40,553.67","$41,850.00","$45,771.33","$42,725.00"
17,"$44,750.00","$42,716.00","$31,250.00","$39,572.00"
18,"$55,755.33","$62,740.00","$62,771.67","$60,422.33"
19,"$76,599.00","$77,862.00","$81,190.00","$78,550.33"
20,"$47,520.00","$43,302.00","$45,330.75","$45,384.25"
20.01,"$81,576.00","$84,135.00","$89,792.00","$85,167.67"
20.02,"$93,393.00","$87,188.00","$90,598.00","$90,393.00"
21,"$162,053.00","$170,474.33","$171,322.33","$167,949.89"
22,"$48,517.50","$47,448.00","$53,184.50","$49,716.67"
22.01,"$38,235.00","$34,988.00","$33,700.00","$35,641.00"
22.02,"$76,250.00","$68,750.00","$88,099.00","$77,699.67"
23,"$17,236.50","$16,772.50","$17,314.00","$17,107.67"
24,"$43,737.00","$41,591.00","$39,377.00","$41,568.33"
25,"$17,081.00","$16,779.00","$17,619.33","$17,159.78"
26,"$77,933.00","$73,971.00","$79,438.00","$77,114.00"
26.01,"$44,118.00","$43,854.00","$56,420.00","$48,130.67"
26.02,"$72,575.00","$70,037.00","$73,056.00","$71,889.33"
27,"$36,326.50","$41,891.00","$45,086.00","$41,101.17"
27.01,"$20,159.00","$20,153.00","$18,409.00","$19,573.67"
27.02,"$18,416.00","$17,147.00","$16,000.00","$17,187.67"
28,"$49,099.33","$45,680.67","$48,601.33","$47,793.78"
29,"$36,256.50","$30,362.50","$28,748.50","$31,789.17"
29.01,"$14,872.00","$17,544.00","$21,226.00","$17,880.67"
30,"$53,787.00","$55,014.50","$59,736.50","$56,179.33"
30.01,"$71,641.00","$62,199.00","$71,591.00","$68,477.00"
30.02,"$46,641.00","$50,625.00","$52,479.00","$49,915.00"
31,"$83,549.50","$86,756.50","$91,270.25","$87,192.08"
32,"$71,588.50","$70,308.00","$64,002.00","$68,632.83"
33,"$91,072.40","$100,093.20","$97,530.40","$96,232.00"
34,"$77,167.33","$70,338.00","$71,196.00","$72,900.44"
35,"$41,351.00","$44,033.00","$43,758.00","$43,047.33"
36,"$71,860.67","$73,635.00","$72,196.00","$72,563.89"
36.01,"$45,532.00","$44,286.00","$48,990.00","$46,269.33"
36.02,"$68,359.00","$81,250.00","$77,778.00","$75,795.67"
37,"$70,333.00","$116,145.00","$136,958.50","$102,458.00"
38,"$65,325.25","$60,522.25","$57,953.50","$61,267.00"
39,"$73,087.60","$73,231.60","$80,234.00","$75,517.73"
40,"$66,432.00","$63,743.00","$64,123.50","$64,766.17"
40.01,"$51,670.50","$57,861.50","$53,158.00","$54,230.00"
40.02,"$63,750.00","$54,931.00","$83,466.00","$67,382.33"
41,"$59,923.00","$63,444.67","$76,546.00","$66,637.89"
42,"$71,094.33","$73,628.00","$72,079.00","$72,267.11"
43,"$57,047.25","$55,928.25","$61,213.00","$58,062.83"
44,"$67,345.33","$70,356.67","$67,436.00","$68,379.33"
44.01,"$53,000.00","$53,333.00","$54,583.00","$53,638.67"
45,"$112,379.00","$116,216.67","$116,512.33","$115,036.00"
46,"$67,426.50","$79,641.50","$72,396.00","$73,154.67"
47,"$74,275.50","$74,750.50","$83,649.75","$77,558.58"
48,"$64,932.00","$68,545.00","$71,339.50","$68,272.17"
49,"$102,647.50","$107,439.50","$107,955.50","$106,014.17"
50,"$84,117.00","$88,074.67","$98,638.00","$90,276.56"
50.01,"$31,250.00","$27,456.00","$27,283.00","$28,663.00"
50.02,"$29,338.00","$28,039.00","$28,010.00","$28,462.33"
51,"$51,107.67","$50,137.67","$52,353.33","$51,199.56"
52,"$81,417.33","$79,250.33","$81,286.00","$80,651.22"
52.01,"$17,129.00","$29,531.00","$18,906.00","$21,855.33"
52.02,"$68,750.00","$68,958.00","$70,375.00","$69,361.00"
53,"$46,712.67","$48,018.67","$52,087.33","$48,939.56"
54,"$73,472.00","$69,503.50","$71,605.75","$71,527.08"
55,"$54,779.00","$58,690.00","$59,620.00","$57,696.33"
55.01,"$117,679.00","$134,417.00","$151,234.00","$134,443.33"
55.02,"$122,500.00","$138,523.00","$112,768.00","$124,597.00"
56,"$63,095.00","$66,646.00","$70,212.50","$66,651.17"
56.01,"$52,761.00","$53,984.00","$60,927.00","$55,890.67"
56.02,"$53,167.00","$60,164.00","$64,479.00","$59,270.00"
57,"$103,258.00","$104,201.00","$99,894.50","$102,451.17"
58,"$86,503.67","$93,700.33","$96,748.67","$92,317.56"
59,"$84,765.50","$82,083.75","$83,836.00","$83,561.75"
59.02,"$38,244.00","$38,542.00","$29,908.00","$35,564.67"
60,"$72,859.00","$70,595.33","$73,374.00","$72,276.11"
61,"$70,625.67","$72,222.67","$72,477.67","$71,775.33"
62,"$56,700.00","$51,210.67","$61,878.67","$56,596.44"
62.01,"$60,320.00","$62,572.00","$59,631.00","$60,841.00"
62.02,"$55,783.00","$55,253.00","$54,545.00","$55,193.67"
63,"$71,722.00","$75,898.75","$81,531.75","$76,384.17"
64,"$55,264.00","$60,757.50","$63,147.50","$59,723.00"
65,"$69,495.67","$76,198.00","$80,763.00","$75,485.56"
65.01,"$57,045.00","$59,964.00","$59,118.00","$58,709.00"
65.02,"$66,442.00","$61,750.00","$67,717.00","$65,303.00"
66,"$63,559.50","$62,472.00","$64,215.00","$63,415.50"
67,"$91,687.25","$87,346.25","$88,731.00","$89,254.83"
68,"$57,623.67","$65,871.67","$71,058.00","$64,851.11"
69,"$87,208.00","$95,333.25","$104,308.75","$95,616.67"
70,"$59,406.25","$60,462.25","$62,036.25","$60,634.92"
71,"$65,931.00","$67,653.50","$67,269.00","$66,951.17"
72,"$62,189.00","$59,756.67","$57,818.33","$59,921.33"
73,"$58,312.33","$58,608.67","$59,548.00","$58,823.00"
74,"$70,495.25","$74,886.25","$69,583.75","$71,655.08"
75,"$75,974.00","$78,205.20","$81,663.60","$78,614.27"
76,"$55,005.33","$56,575.00","$56,933.33","$56,171.22"
77,"$79,087.60","$81,562.20","$80,314.60","$80,321.47"
78,"$66,595.33","$64,214.00","$64,486.67","$65,098.67"
79,"$57,845.33","$51,362.00","$55,805.67","$55,004.33"
80,"$74,451.00","$81,811.00","$84,878.50","$80,380.17"
81,"$69,643.33","$74,778.67","$81,056.00","$75,159.33"
82,"$76,602.50","$71,718.00","$80,870.50","$76,397.00"
83,"$44,672.67","$45,103.67","$47,257.33","$45,677.89"
84,"$74,142.00","$76,782.33","$72,351.33","$74,425.22"
85,"$23,618.67","$25,359.33","$28,578.00","$25,852.00"
86,"$45,897.00","$48,195.00","$48,878.50","$47,656.83"
86.01,"$141,367.00","$142,299.00","$149,907.00","$144,524.33"
86.03,"$148,080.00","$142,304.00","$144,963.00","$145,115.67"
87,"$53,462.00","$57,841.33","$59,994.67","$57,099.33"
88,"$73,432.33","$78,023.33","$76,008.67","$75,821.44"
89,"$53,506.00","$55,082.00","$61,570.00","$56,719.33"
90,"$61,408.33","$61,040.33","$65,881.67","$62,776.78"
91,"$82,728.00","$88,657.00","$83,042.00","$84,809.00"
92,"$63,712.00","$65,216.00","$66,991.00","$65,306.33"
93,"$56,443.50","$53,108.50","$52,819.50","$54,123.83"
94,"$45,155.33","$45,848.50","$97,721.67","$65,041.00"
95,"$106,399.50","$103,458.00","$112,647.00","$107,501.50"
96,"$59,337.75","$70,731.25","$75,931.00","$68,666.67"
96.01,"$60,272.00","$61,039.00","$61,598.00","$60,969.67"
96.02,"$74,356.00","$76,212.00","$80,184.00","$76,917.33"
97,"$64,078.00","$64,274.33","$64,278.33","$64,210.22"
98,"$64,684.25","$65,461.00","$66,477.00","$65,540.75"
99,"$127,152.00","$128,906.00","$130,266.00","$128,774.67"
100,"$66,919.67","$70,674.33","$67,542.33","$68,378.78"
101,"$80,790.33","$88,297.67","$88,573.67","$85,887.22"
102,"$67,482.33","$47,775.00","$88,400.67","$70,399.88"
103,"$69,939.00","$77,711.00","$74,593.00","$74,081.00"
104,"$68,376.00","$68,989.33","$73,996.67","$70,454.00"
105,"$57,566.50","$54,494.50","$57,404.50","$56,488.50"
106,"$43,493.50","$46,578.00","$48,321.00","$46,130.83"
106.01,"$126,933.00","$125,488.00","$123,304.00","$125,241.67"
106.02,"$117,885.00","$120,053.00","$123,320.00","$120,419.33"
108,"$62,153.33","$67,925.33","$69,991.67","$66,690.11"
109,"$132,500.00","$135,750.00",,"$134,125.00"
110,"$60,423.50","$71,544.00","$76,757.67","$68,659.90"
111,"$81,457.50","$83,414.00","$91,147.50","$85,339.67"
112,"$40,084.50","$38,258.00","$36,903.50","$38,415.33"
112.01,"$150,578.50","$111,081.50","$104,419.00","$122,026.33"
112.02,"$119,447.50","$133,910.50","$131,757.00","$128,371.67"
112.03,"$117,059.00","$128,083.00","$116,250.00","$120,464.00"
113,"$70,428.50","$71,382.50","$76,549.50","$72,786.83"
114,"$47,746.00","$40,576.00","$41,529.00","$43,283.67"
114.01,"$107,992.50","$113,151.00","$106,697.50","$109,280.33"
114.02,"$107,859.50","$112,919.00","$116,255.00","$112,344.50"
115,"$67,969.00","$75,130.00","$79,812.00","$74,303.67"
115.02,"$21,311.00","$21,765.00","$22,321.00","$21,799.00"
116,"$54,087.33","$54,514.67","$56,111.00","$54,904.33"
117,"$66,726.00","$67,648.25","$71,991.75","$68,788.67"
118,"$67,081.00","$73,309.25","$75,797.00","$72,062.42"
119,"$43,849.25","$43,139.00","$43,749.25","$43,579.17"
120,"$83,635.33","$75,218.67","$86,111.33","$81,655.11"
121,"$77,544.00","$81,383.00","$81,845.25","$80,257.42"
121.01,"$31,058.00","$27,813.00","$29,294.00","$29,388.33"
121.02,"$17,800.00","$20,028.00","$18,692.00","$18,840.00"
122,"$85,656.75","$87,888.75","$85,590.00","$86,378.50"
123,"$20,671.00","$21,300.00","$24,474.00","$22,148.33"
123.01,"$65,260.00","$84,026.00","$82,174.00","$77,153.33"
124,"$89,008.50","$87,243.00","$84,319.50","$86,857.00"
125,"$76,268.25","$79,194.50","$75,478.25","$76,980.33"
126,"$69,050.00","$74,896.50","$78,945.50","$74,297.33"
126.01,"$59,397.00","$60,481.00","$63,719.00","$61,199.00"
126.02,"$57,634.00","$58,594.00","$64,125.00","$60,117.67"
127,"$56,578.00","$60,487.50","$63,113.50","$60,059.67"
127.01,"$19,922.00","$18,641.00","$18,777.00","$19,113.33"
128,"$115,074.50","$119,203.50","$111,253.00","$115,177.00"
128.01,"$44,583.00","$42,596.00","$50,625.00","$45,934.67"
128.04,"$59,659.00","$61,406.00","$68,015.00","$63,026.67"
128.05,"$71,375.00","$73,878.00","$71,375.00","$72,209.33"
128.06,"$69,393.00","$70,505.00","$53,376.00","$64,424.67"
129,"$106,625.00","$111,290.00","$110,592.00","$109,502.33"
129.01,"$47,699.00","$50,170.00","$56,193.00","$51,354.00"
129.02,"$87,321.00","$86,290.00","$105,625.00","$93,078.67"
130,"$102,282.00","$111,723.75","$98,037.00","$104,014.25"
131,"$73,918.33","$74,138.67","$82,272.00","$76,776.33"
132,"$72,242.25","$73,790.25","$78,619.00","$74,883.83"
132.01,"$92,083.00","$103,889.00","$104,444.00","$100,138.67"
132.03,"$77,212.00","$84,596.00","$82,443.00","$81,417.00"
132.04,"$92,083.00","$86,429.00","$84,866.00","$87,792.67"
133,"$80,877.67","$83,849.67","$80,018.33","$81,581.89"
133.01,"$15,285.00","$14,030.00","$13,818.00","$14,377.67"
133.02,"$55,052.00","$44,861.00","$37,813.00","$45,908.67"
134,"$76,184.75","$74,601.50","$76,488.00","$75,758.08"
135,"$64,687.75","$66,952.00","$67,740.25","$66,460.00"
136,"$78,119.33","$80,148.33","$78,026.67","$78,764.78"
137,"$96,452.33","$100,946.00","$101,429.00","$99,609.11"
138,"$79,370.60","$78,857.00","$76,994.40","$78,407.33"
139,"$85,689.50","$96,369.50","$103,679.00","$95,246.00"
140,"$86,504.67","$87,961.33","$85,580.67","$86,682.22"
141,"$59,668.75","$56,421.25","$60,481.50","$58,857.17"
142,"$137,279.00","$145,889.50","$148,125.50","$143,764.67"
142.01,"$58,438.00","$56,780.00","$58,380.00","$57,866.00"
142.02,"$63,472.00","$62,656.00","$71,413.00","$65,847.00"
143,"$45,773.00","$49,742.00","$57,901.67","$51,138.89"
144,"$33,137.50","$37,379.50","$36,913.00","$35,810.00"
144.01,"$118,125.00","$101,750.00","$105,469.00","$108,448.00"
144.02,"$109,934.00","$117,656.00","$123,438.00","$117,009.33"
145,"$76,204.50","$75,820.00","$75,091.75","$75,705.42"
146.01,"$114,792.00","$120,257.00","$115,288.00","$116,779.00"
146.02,"$93,420.00","$97,632.00","$91,905.00","$94,319.00"
146.04,"$82,057.00","$80,705.00","$72,969.00","$78,577.00"
146.05,"$84,500.00","$91,129.00","$103,565.00","$93,064.67"
146.06,"$102,209.00","$96,833.00","$101,082.00","$100,041.33"
146.07,"$87,686.00","$81,883.00","$82,551.00","$84,040.00"
146.08,"$87,202.00","$91,270.00","$93,385.00","$90,619.00"
147,"$84,109.00","$91,880.00","$102,662.00","$92,883.67"
147.01,"$17,300.00","$14,334.00","$16,170.00","$15,934.67"
147.02,"$17,509.00","$17,782.00","$18,276.00","$17,855.67"
148,"$60,845.50","$57,201.00","$58,902.00","$58,982.83"
148.01,"$149,875.00","$167,667.00","$162,857.00","$160,133.00"
148.02,"$112,237.00","$109,493.00","$125,714.00","$115,814.67"
149,"$90,459.50","$87,129.25","$88,957.75","$88,848.83"
150,"$80,056.50","$78,206.00","$72,899.50","$77,054.00"
150.01,"$155,536.00","$151,625.00","$142,679.00","$149,946.67"
150.02,"$160,379.00","$156,500.00","$162,984.00","$159,954.33"
151,"$71,129.80","$73,381.00","$73,027.00","$72,512.60"
152,"$63,965.75","$70,570.50","$72,794.25","$69,110.17"
153,"$75,578.50","$81,464.25","$93,858.25","$83,633.67"
154,"$73,133.50","$66,949.00","$69,638.00","$69,906.83"
155,"$80,134.50","$82,543.75","$80,700.50","$81,126.25"
156,"$50,068.00","$50,391.00","$58,561.00","$53,006.67"
156.01,"$87,473.00","$93,294.50","$94,290.50","$91,686.00"
156.02,"$68,907.00","$67,259.00","$74,818.50","$70,328.17"
156.03,"$94,145.00","$90,604.00","$90,925.00","$91,891.33"
157,"$77,226.50","$76,412.75","$81,435.75","$78,358.33"
158,"$55,833.00","$77,045.00","$67,115.00","$66,664.33"
158.01,"$100,840.00","$100,164.00","$103,893.50","$101,632.50"
158.02,"$72,241.00","$83,153.00","$82,664.00","$79,352.67"
159,"$77,418.00","$77,135.00","$74,390.25","$76,314.42"
160,"$74,758.00","$68,957.00","$70,186.00","$71,300.33"
160.01,"$182,917.00","$222,222.00","$233,529.00","$212,889.33"
160.02,"$106,471.00","$87,167.00","$87,750.00","$93,796.00"
161,"$74,343.75","$73,107.75","$75,758.00","$74,403.17"
162,"$54,105.67","$54,620.33","$56,357.67","$55,027.89"
163,"$73,607.33","$73,307.33","$73,523.67","$73,479.44"
164,"$56,784.25","$65,171.25","$67,402.25","$63,119.25"
165,"$94,718.00","$92,568.33","$101,180.33","$96,155.56"
166,"$54,546.50","$56,968.00","$64,002.75","$58,505.75"
167,"$82,555.33","$82,654.67","$96,030.67","$87,080.22"
168,"$58,419.67","$58,346.00","$62,905.00","$59,890.22"
169,"$62,573.25","$67,211.75","$68,426.50","$66,070.50"
169.01,"$66,808.00","$73,272.00","$73,594.00","$71,224.67"
170,"$49,682.67","$51,276.00","$52,658.67","$51,205.78"
170.05,"$95,000.00","$100,162.00","$96,500.00","$97,220.67"
170.07,"$86,992.00","$77,955.00","$79,107.00","$81,351.33"
170.08,"$86,473.00","$83,734.00","$82,750.00","$84,319.00"
170.09,"$90,737.00","$91,000.00","$100,181.00","$93,972.67"
170.1,"$95,401.00","$90,747.00","$88,477.00","$91,541.67"
170.11,"$73,398.00","$74,819.00","$83,400.00","$77,205.67"
170.12,"$71,844.00","$71,123.00","$83,125.00","$75,364.00"
171,"$105,928.50","$111,857.50","$114,413.50","$110,733.17"
172,"$62,489.33","$55,848.67","$58,495.33","$58,944.44"
173,"$56,745.00","$56,827.00","$59,091.67","$57,554.56"
174,"$63,705.00","$67,226.50","$79,204.50","$70,045.33"
174.01,"$20,607.00","$21,435.00","$20,288.00","$20,776.67"
174.02,"$45,516.00","$37,426.00","$31,705.00","$38,215.67"
175,"$74,361.50","$79,672.00","$79,230.00","$77,754.50"
176,"$68,187.00","$70,517.00","$73,811.00","$70,838.33"
177,"$83,007.00","$91,207.50","$91,977.00","$88,730.50"
177.01,"$21,295.00","$25,022.00","$24,847.00","$23,721.33"
177.02,"$21,782.00","$23,485.00","$26,946.00","$24,071.00"
178,"$43,425.67","$45,440.00","$48,955.33","$45,940.33"
179,"$57,687.00","$54,496.00","$60,265.00","$57,482.67"
179.01,"$22,233.00","$21,376.00","$28,987.00","$24,198.67"
179.02,"$18,662.00","$20,852.00","$19,912.00","$19,808.67"
180,"$41,805.33","$49,817.67","$55,745.33","$49,122.78"
181,"$84,912.67","$80,631.67","$90,103.33","$85,215.89"
181.01,"$33,888.00","$39,110.50","$35,211.00","$36,069.83"
181.02,"$45,687.50","$44,500.00","$44,471.50","$44,886.33"
182,"$39,272.33","$44,445.33","$46,387.33","$43,368.33"
183,"$82,478.67","$85,652.67","$95,920.00","$88,017.11"
183.01,"$30,782.00","$29,987.00","$30,104.00","$30,291.00"
183.02,"$36,181.00","$31,324.00","$28,822.00","$32,109.00"
184,"$55,515.33","$54,103.00","$54,466.33","$54,694.89"
184.01,"$58,939.00","$59,493.00","$59,750.00","$59,394.00"
184.02,"$61,333.00","$54,063.00","$68,074.00","$61,156.67"
185,"$64,078.50","$59,136.00","$70,757.00","$64,657.17"
185.01,"$38,803.00","$41,543.50","$45,756.50","$42,034.33"
185.02,"$65,869.00","$66,139.00","$68,703.00","$66,903.67"
186,"$53,085.67","$52,164.67","$54,124.67","$53,125.00"
187,"$88,033.00","$85,249.00","$86,968.00","$86,750.00"
187.01,"$86,250.00","$78,750.00","$85,268.00","$83,422.67"
187.02,"$78,827.00","$83,304.00","$82,197.00","$81,442.67"
188,"$51,247.67","$51,906.33","$57,056.67","$53,403.56"
189,"$36,397.33","$35,031.33","$37,690.33","$36,373.00"
189.01,"$75,795.00","$62,000.00","$65,421.00","$67,738.67"
189.02,"$72,750.00","$67,813.00","$73,945.00","$71,502.67"
190,"$57,025.67","$59,248.67","$59,426.33","$58,566.89"
191,"$87,656.50","$80,969.00","$81,294.00","$83,306.50"
192,"$38,139.33","$40,724.67","$43,320.33","$40,728.11"
193,"$35,124.67","$36,624.00","$37,327.33","$36,358.67"
194,"$43,566.25","$48,931.00","$45,992.00","$46,163.08"
195,"$68,192.00","$75,979.33","$75,731.67","$73,301.00"
196,"$39,924.00","$43,123.67","$43,091.33","$42,046.33"
197,"$64,914.33","$65,952.67","$69,450.00","$66,772.33"
197.01,"$72,708.00","$72,000.00","$68,092.00","$70,933.33"
197.02,"$63,564.00","$63,135.00","$51,740.00","$59,479.67"
198,"$66,270.50","$65,909.75","$69,357.75","$67,179.33"
199,"$53,657.75","$56,938.25","$61,920.50","$57,505.50"
200,"$59,866.33","$56,257.00","$55,543.33","$57,222.22"
201,"$63,984.67","$63,784.67","$68,693.00","$65,487.44"
201.01,"$92,679.00","$82,353.00","$84,327.00","$86,453.00"
201.02,"$56,157.00","$54,563.00","$64,375.00","$58,365.00"
202,"$56,791.67","$64,227.67","$62,104.33","$61,041.22"
203,"$73,594.00","$71,458.50","$70,057.00","$71,703.17"
204,"$48,790.00","$48,511.33","$50,067.67","$49,123.00"
205,"$79,487.67","$82,041.67","$83,774.67","$81,768.00"
205.01,"$23,904.00","$23,160.00","$23,194.00","$23,419.33"
205.02,"$22,519.00","$15,343.00","$15,776.00","$17,879.33"
206,"$56,945.33","$64,953.00","$61,638.33","$61,178.89"
206.01,"$51,300.00","$76,429.00","$51,293.00","$59,674.00"
207,"$68,656.00","$66,820.00","$65,183.50","$66,886.50"
207.01,"$53,697.00","$60,798.00","$70,391.00","$61,628.67"
208,"$51,560.33","$52,152.67","$57,431.00","$53,714.67"
208.01,"$72,933.00","$75,453.00","$80,567.00","$76,317.67"
208.03,"$91,053.00","$91,782.00","$101,176.00","$94,670.33"
208.04,"$90,455.00","$88,314.00","$95,417.00","$91,395.33"
209,"$32,025.00","$27,311.00","$31,396.00","$30,244.00"
209.01,"$29,457.00","$32,848.00","$22,212.00","$28,172.33"
210,"$40,352.50","$37,266.50","$37,759.00","$38,459.33"
210.01,"$49,240.00","$48,396.00","$50,400.00","$49,345.33"
210.02,"$44,474.00","$43,313.00","$54,393.00","$47,393.33"
211,"$41,605.00","$40,037.67","$39,604.00","$40,415.56"
212,"$42,633.75","$44,446.50","$46,948.00","$44,676.08"
213,"$48,512.50","$45,486.00","$49,313.00","$47,770.50"
213.01,"$20,500.00","$16,378.00","$16,420.00","$17,766.00"
213.02,"$30,075.00","$30,362.00","$31,443.00","$30,626.67"
213.03,"$36,921.00","$37,628.00","$36,759.00","$37,102.67"
214,"$46,068.67","$50,412.33","$53,412.00","$49,964.33"
215,"$46,662.50","$47,600.00","$48,099.50","$47,454.00"
215.01,"$28,622.00","$26,076.00","$26,817.00","$27,171.67"
215.02,"$17,664.00","$18,507.00","$19,494.00","$18,555.00"
216,"$45,516.33","$47,028.00","$52,797.00","$48,447.11"
216.01,"$24,914.00","$25,847.00","$26,152.00","$25,637.67"
216.02,"$43,996.00","$41,487.00","$42,835.00","$42,772.67"
217,"$40,629.00","$38,658.00","$41,126.00","$40,137.67"
218,"$37,244.33","$40,059.67","$37,812.00","$38,372.00"
219,"$32,221.00","$35,358.33","$34,960.00","$34,179.78"
220,"$30,968.33","$33,945.33","$36,927.33","$33,947.00"
220.01,"$60,558.00","$61,867.00","$66,683.00","$63,036.00"
220.02,"$61,575.00","$57,287.00","$61,765.00","$60,209.00"
221,"$44,222.00","$37,140.00","$43,011.00","$41,457.67"
221.01,"$26,875.00","$25,870.00","$27,000.00","$26,581.67"
221.02,"$29,129.00","$30,474.00","$30,784.00","$30,129.00"
222,"$35,219.00","$35,928.67","$36,142.67","$35,763.44"
223,"$45,291.50","$42,394.00","$41,235.00","$42,973.50"
223.01,"$36,406.00","$37,500.00","$37,583.00","$37,163.00"
223.02,"$25,608.00","$24,241.00","$25,309.00","$25,052.67"
224,"$30,098.50","$31,135.50","$35,047.00","$32,093.67"
224.01,"$41,101.00","$43,611.00","$46,250.00","$43,654.00"
224.03,"$29,531.00","$38,333.00","$38,967.00","$35,610.33"
224.04,"$43,119.00","$42,070.00","$43,856.00","$43,015.00"
225,"$39,419.50","$38,729.50","$38,827.50","$38,992.17"
226,"$57,575.00","$59,495.00","$61,571.33","$59,547.11"
227,"$46,679.00","$50,480.00","$61,878.00","$53,012.33"
227.01,"$29,000.00","$29,426.00","$30,218.00","$29,548.00"
227.02,"$30,905.00","$23,500.00","$23,438.00","$25,947.67"
227.03,"$45,465.00","$45,673.00","$43,106.00","$44,748.00"
228,"$90,860.25","$36,630.67","$38,089.67","$58,760.20"
229,"$47,151.00","$43,271.50","$51,700.50","$47,374.33"
229.01,"$24,365.00","$24,115.00","$28,750.00","$25,743.33"
229.02,"$22,953.00","$24,142.00","$27,743.00","$24,946.00"
230,"$56,566.50","$54,722.25","$54,790.50","$55,359.75"
231,"$51,283.50","$53,916.00","$52,923.50","$52,707.67"
232,"$43,679.25","$43,039.25","$45,548.75","$44,089.08"
233,"$38,799.00","$37,346.50","$41,982.00","$39,375.83"
233.01,"$28,402.00","$26,250.00","$23,023.00","$25,891.67"
233.02,"$23,000.00","$22,566.00","$25,710.00","$23,758.67"
234,"$29,038.00","$31,916.00","$29,211.50","$30,055.17"
235,"$47,150.00","$47,132.50","$43,086.00","$45,789.50"
235.01,"$32,152.50","$31,081.00","$31,022.00","$31,418.50"
235.02,"$27,267.00","$25,437.50","$26,803.50","$26,502.67"
236,"$37,070.50","$38,168.50","$39,647.75","$38,295.58"
237,"$37,553.00","$37,232.00","$42,054.00","$38,946.33"
237.02,"$28,824.00","$32,500.00","$32,176.00","$31,166.67"
237.03,"$29,926.00","$27,128.00","$29,447.00","$28,833.67"
237.04,"$20,263.00","$20,918.00","$21,822.00","$21,001.00"
238,"$40,100.67","$39,291.33","$38,451.67","$39,281.22"
238.01,"$86,175.00","$86,712.00","$82,410.00","$85,099.00"
238.02,"$117,292.00","$114,545.00","$113,750.00","$115,195.67"
239,"$39,788.33","$40,602.33","$38,003.33","$39,464.67"
240,"$33,162.33","$33,794.67","$34,608.00","$33,855.00"
241,"$42,026.33","$44,209.33","$43,727.00","$43,320.89"
242,"$28,444.00","$28,304.00","$36,140.50","$30,962.83"
243,"$46,111.67","$45,415.00","$45,501.67","$45,676.11"
243.01,"$37,593.00","$38,067.00","$48,438.00","$41,366.00"
243.02,"$18,153.00","$20,371.00","$18,345.00","$18,956.33"
244,"$51,653.50","$53,837.00","$51,281.50","$52,257.33"
244.01,"$91,189.00","$76,787.00","$75,489.00","$81,155.00"
244.02,"$83,802.00","$75,167.00","$83,269.00","$80,746.00"
245,"$45,598.33","$49,277.33","$50,736.67","$48,537.44"
245.01,"$26,324.00","$24,864.00","$21,892.00","$24,360.00"
245.02,"$26,746.00","$25,605.00","$28,382.00","$26,911.00"
246,"$54,119.50","$54,466.50","$54,483.50","$54,356.50"
247,"$44,172.20","$48,746.80","$49,135.40","$47,351.47"
248,"$65,579.67","$58,286.33","$62,708.33","$62,191.44"
249,"$47,386.33","$46,629.33","$51,193.67","$48,403.11"
250,"$45,149.50","$50,458.00","$59,281.50","$51,629.67"
251,"$45,230.60","$44,224.60","$46,960.20","$45,471.80"
252,"$55,018.00","$51,463.50","$49,649.50","$52,043.67"
253,"$36,425.33","$37,076.00","$41,670.67","$38,390.67"
253.01,"$54,808.00","$51,302.00","$59,773.00","$55,294.33"
253.02,"$49,669.00","$56,676.00","$62,155.00","$56,166.67"
254,"$45,734.67","$43,746.67","$44,176.67","$44,552.67"
255,"$43,832.50","$42,395.50","$45,322.00","$43,850.00"
256,"$43,368.50","$45,136.00","$44,373.50","$44,292.67"
257,"$55,275.50","$54,511.75","$55,713.50","$55,166.92"
258,"$50,915.00","$52,756.50","$51,420.50","$51,697.33"
259,"$52,703.50","$51,221.00","$51,766.00","$51,896.83"
259.01,"$33,571.00","$41,289.00","$46,528.00","$40,462.67"
259.02,"$18,715.00","$16,140.00","$16,406.00","$17,087.00"
260,"$42,736.50","$43,990.00","$46,663.00","$44,463.17"
261,"$43,320.25","$45,525.25","$47,149.00","$45,331.50"
262,"$61,518.00","$60,792.50","$64,228.00","$62,179.50"
263,"$37,346.25","$36,691.75","$36,829.50","$36,955.83"
264,"$55,872.33","$59,167.33","$55,000.00","$56,679.89"
265,"$42,660.25","$48,356.75","$50,339.00","$47,118.67"
266,"$43,431.00","$39,206.50","$40,909.00","$41,182.17"
266.01,"$51,726.00","$52,450.00","$58,125.00","$54,100.33"
266.02,"$43,909.00","$40,755.00","$43,480.00","$42,714.67"
267,"$46,090.33","$43,074.33","$41,948.33","$43,704.33"
267.01,"$36,964.00","$37,061.00","$27,365.00","$33,796.67"
267.02,"$34,341.00","$39,432.00","$36,382.00","$36,718.33"
268,"$42,340.00","$44,548.00","$55,553.00","$47,480.33"
269,"$40,901.33","$38,263.67","$39,498.67","$39,554.56"
269.01,"$44,524.00","$46,900.00","$42,667.00","$44,697.00"
269.02,"$43,707.00","$47,024.00","$40,694.00","$43,808.33"
270,"$34,031.50","$48,370.00","$45,893.00","$42,764.83"
271,"$47,621.00","$46,043.33","$47,999.00","$47,221.11"
272,"$58,787.50","$55,329.50","$53,691.50","$55,936.17"
273,"$45,997.00","$47,521.00","$48,885.25","$47,467.75"
273.01,"$78,537.00","$71,724.00","$68,546.00","$72,935.67"
273.02,"$95,592.00","$91,023.00","$88,958.00","$91,857.67"
274,"$47,555.00","$50,227.00","$52,122.50","$49,968.17"
274.01,"$76,477.00","$80,673.00","$83,293.00","$80,147.67"
274.02,"$71,846.00","$71,849.00","$70,852.00","$71,515.67"
275,"$66,320.67","$65,535.00","$68,134.33","$66,663.33"
276,"$46,545.33","$48,980.00","$54,605.00","$50,043.44"
277,"$32,384.00","$34,704.50","$35,854.75","$34,314.42"
277.02,"$61,806.00","$65,764.00","$58,716.00","$62,095.33"
277.04,"$98,462.00","$99,107.00","$98,722.00","$98,763.67"
277.05,"$76,676.00","$87,800.00","$79,583.00","$81,353.00"
277.06,"$78,393.00","$82,308.00","$81,654.00","$80,785.00"
278,"$41,161.00","$43,032.00","$43,416.00","$42,536.33"
279,"$62,290.40","$60,270.80","$62,224.40","$61,595.20"
280,"$65,739.00","$68,383.00","$69,203.50","$67,775.17"
281,"$60,026.50","$60,673.25","$59,053.25","$59,917.67"
282,"$56,841.00","$56,248.50","$66,125.00","$59,738.17"
283,"$40,300.50","$41,111.50","$42,479.25","$41,297.08"
284,"$66,639.33","$56,906.50","$74,068.67","$66,992.13"
285,"$46,010.67","$50,804.67","$50,165.00","$48,993.44"
285.01,"$97,083.00","$84,861.00","$92,308.00","$91,417.33"
285.02,"$20,000.00","$15,135.00","$16,727.00","$17,287.33"
286,"$51,097.00","$52,695.50","$58,259.50","$54,017.33"
287,"$40,556.50","$47,702.50","$47,777.50","$45,345.50"
288,"$59,967.00","$64,234.33","$70,845.33","$65,015.56"
289,"$43,317.00","$49,314.00","$52,028.00","$48,219.67"
290,"$49,435.00","$45,179.00","$52,163.00","$48,925.67"
291,"$35,137.00","$32,683.00","$36,034.67","$34,618.22"
291.02,"$82,292.00","$84,559.00","$89,167.00","$85,339.33"
291.03,"$74,507.00","$73,611.00","$74,732.00","$74,283.33"
291.04,"$89,830.00","$89,511.00","$87,853.00","$89,064.67"
292,"$36,644.00","$42,740.00","$45,869.00","$41,751.00"
293,"$40,971.33","$37,114.33","$42,439.67","$40,175.11"
293.01,"$106,563.00","$102,045.00","$103,555.00","$104,054.33"
293.02,"$94,652.00","$94,695.00","$96,710.00","$95,352.33"
294,"$58,202.00","$59,548.00","$61,311.50","$59,687.17"
295,"$71,458.25","$72,431.25","$71,663.25","$71,850.92"
296,"$43,695.50","$46,944.00","$52,178.50","$47,606.00"
297,"$68,803.00","$66,416.00","$66,189.33","$67,136.11"
298,"$51,363.00","$55,938.00","$50,735.00","$52,678.67"
299,"$22,342.00","$23,197.50","$25,973.00","$23,837.50"
300,"$47,701.50","$58,210.50","$52,878.50","$52,930.17"
301,"$65,094.00","$60,841.00","$64,378.00","$63,437.67"
302,"$53,731.00","$55,953.00","$56,203.00","$55,295.67"
303,"$39,990.00","$37,207.00","$42,571.50","$39,922.83"
303.01,"$59,625.00","$65,606.00","$65,469.00","$63,566.67"
303.02,"$80,887.00","$76,542.00","$84,630.00","$80,686.33"
304,"$41,588.00","$37,837.00","$39,235.00","$39,553.33"
305,"$55,050.00","$65,701.00","$72,439.00","$64,396.67"
306,"$61,490.50","$63,553.00","$54,353.50","$59,799.00"
307,"$53,636.50","$47,978.00","$46,483.50","$49,366.00"
307.01,"$81,061.00","$80,846.00","$84,453.00","$82,120.00"
308,"$57,500.00","$50,189.00","$45,750.00","$51,146.33"
309,"$48,462.67","$48,042.00","$54,822.33","$50,442.33"
309.02,"$46,992.00","$46,136.00","$46,471.00","$46,533.00"
309.03,"$53,007.00","$54,185.00","$57,310.00","$54,834.00"
309.04,"$55,694.00","$53,094.00","$55,733.00","$54,840.33"
310,"$99,688.00","$80,724.00","$81,709.00","$87,373.67"
311,"$40,938.00","$41,683.00","$46,953.00","$43,191.33"
312,"$60,400.00","$62,275.00","$68,276.00","$63,650.33"
313,"$35,660.00","$34,817.00","$41,527.00","$37,334.67"
314,"$62,052.50","$61,939.50","$69,667.00","$64,553.00"
315,"$49,353.00","$54,113.00","$57,230.00","$53,565.33"
316,"$64,702.00","$70,759.00","$62,692.00","$66,051.00"
317,"$66,982.00","$64,207.00","$56,056.00","$62,415.00"
317.01,"$40,833.00","$50,205.00","$52,019.00","$47,685.67"
317.02,"$46,406.00","$53,111.00","$62,672.00","$54,063.00"
317.03,"$196,027.00","$182,401.00","$180,742.00","$186,390.00"
317.04,"$152,500.00","$152,692.00","$156,984.00","$154,058.67"
318,"$52,692.00","$55,739.00","$62,391.00","$56,940.67"
319,"$42,292.00","$40,744.00","$48,375.00","$43,803.67"
319.01,"$27,031.00","$25,064.00","$23,098.00","$25,064.33"
319.02,"$31,750.00","$22,656.00","$23,289.00","$25,898.33"
320,"$71,801.00","$71,806.00","$69,408.00","$71,005.00"
321,"$36,798.00","$41,094.00","$42,025.00","$39,972.33"
323,"$62,896.67","$65,913.33","$72,378.67","$67,062.89"
324,"$28,832.00","$27,946.00","$25,625.00","$27,467.67"
325,"$39,807.00","$43,245.00","$47,559.00","$43,537.00"
326,"$45,548.00","$38,631.00","$40,691.00","$41,623.33"
327,"$53,660.00","$52,683.50","$50,356.00","$52,233.17"
328,"$46,520.00","$44,523.67","$46,944.33","$45,996.00"
329,"$59,011.50","$50,536.50","$49,177.00","$52,908.33"
330,"$44,971.00","$46,362.33","$45,588.33","$45,640.56"
331,"$37,500.00","$39,301.00","$37,405.00","$38,068.67"
332.01,"$44,602.00","$43,038.00","$44,524.00","$44,054.67"
332.02,"$40,083.00","$40,638.00","$42,650.00","$41,123.67"
333,"$45,288.00","$44,608.00","$42,972.00","$44,289.33"
334,"$43,864.00","$45,739.00","$45,833.00","$45,145.33"
334.01,"$66,707.00","$69,320.00","$77,798.00","$71,275.00"
334.02,"$40,736.00","$45,991.00","$45,465.00","$44,064.00"
335,"$72,529.00","$74,073.50","$75,687.50","$74,096.67"
336,"$44,586.50","$44,360.00","$52,164.50","$47,037.00"
337,"$56,186.33","$63,195.00","$67,473.33","$62,284.89"
338,"$36,667.00","$37,043.00","$41,875.00","$38,528.33"
339,"$54,885.00","$52,282.00","$53,638.50","$53,601.83"
340,"$28,179.50","$25,932.00","$27,945.50","$27,352.33"
341,"$49,583.00","$50,417.00","$50,370.00","$50,123.33"
342,"$29,208.50","$29,980.00","$33,246.00","$30,811.50"
343,"$47,844.00","$48,399.50","$48,322.00","$48,188.50"
344,"$68,750.00","$67,813.00","$61,346.00","$65,969.67"
345,"$47,236.50","$46,819.50","$42,085.50","$45,380.50"
347,"$37,874.50","$38,364.00","$41,747.00","$39,328.50"
348,"$36,398.00","$41,251.00","$46,568.00","$41,405.67"
349,"$30,817.00","$29,754.00","$30,463.00","$30,344.67"
350,"$44,085.50","$41,616.50","$44,164.00","$43,288.67"
351,"$51,780.00","$51,621.67","$54,507.33","$52,636.33"
352,"$41,758.00","$42,673.50","$46,097.00","$43,509.50"
353,"$43,668.50","$42,772.00","$43,138.50","$43,193.00"
354,"$47,740.00","$53,158.00","$50,333.00","$50,410.33"
355,"$32,483.00","$39,850.00","$47,239.00","$39,857.33"
356,"$56,845.00","$60,694.00","$63,984.00","$60,507.67"
356.01,"$31,795.00","$35,954.00","$44,395.00","$37,381.33"
356.02,"$33,558.00","$32,348.00","$35,800.00","$33,902.00"
357,"$32,849.00","$34,495.00","$34,732.00","$34,025.33"
358,"$68,241.50","$70,162.50","$70,274.50","$69,559.50"
359,"$25,696.50","$26,574.00","$28,089.50","$26,786.67"
360,"$82,895.00","$65,938.00","$63,403.00","$70,745.33"
360.01,"$25,030.00","$22,384.00","$19,696.00","$22,370.00"
360.02,"$16,477.00","$18,738.00","$17,143.00","$17,452.67"
361,"$28,661.33","$29,241.67","$30,096.00","$29,333.00"
362,"$27,930.00","$28,750.00","$29,608.00","$28,762.67"
363,"$36,974.33","$33,693.67","$34,486.00","$35,051.33"
364,"$41,541.50","$44,791.50","$49,531.50","$45,288.17"
365,"$62,813.00","$49,375.00","$43,098.00","$51,762.00"
365.01,"$30,136.50","$30,070.50","$30,942.00","$30,383.00"
365.02,"$28,187.50","$23,552.00","$27,927.50","$26,555.67"
366,"$54,989.00","$52,868.50","$55,466.50","$54,441.33"
367,"$41,378.00","$44,953.33","$42,121.67","$42,817.67"
368,"$67,371.00","$57,906.00","$57,559.50","$60,945.50"
369,"$30,000.00","$31,059.00","$40,612.00","$33,890.33"
369.01,"$17,292.00","$14,821.00","$15,735.00","$15,949.33"
369.02,"$25,313.00","$25,100.00","$23,409.00","$24,607.33"
370,"$59,903.00","$59,175.50","$53,771.00","$57,616.50"
371,"$39,908.00","$37,714.33","$42,842.67","$40,155.00"
372,"$47,625.00","$46,250.00","$45,250.00","$46,375.00"
373,"$37,567.67","$38,136.67","$36,352.33","$37,352.22"
374,"$22,486.00","$25,974.00","$27,275.00","$25,245.00"
374.01,"$52,083.00","$51,857.00","$46,083.00","$50,007.67"
374.02,"$26,445.00","$30,449.00","$31,779.00","$29,557.67"
375,"$44,898.00","$45,614.00","$45,605.00","$45,372.33"
375.04,"$20,959.00","$15,707.00","$19,683.00","$18,783.00"
376,"$63,134.50","$61,168.50","$62,546.00","$62,283.00"
377,"$43,248.00","$43,274.00","$44,506.00","$43,676.00"
378,"$40,076.00","$35,625.00","$34,658.00","$36,786.33"
379,"$39,650.00","$38,925.33","$38,719.00","$39,098.11"
380,"$34,572.00","$33,506.00","$35,485.00","$34,521.00"
381,"$32,371.33","$34,029.00","$36,868.67","$34,423.00"
382,"$31,072.00","$32,130.50","$31,631.00","$31,611.17"
383,"$57,835.00","$48,712.00","$65,746.00","$57,431.00"
383.01,"$24,612.00","$26,295.00","$28,197.00","$26,368.00"
383.02,"$16,756.00","$22,917.00","$22,083.00","$20,585.33"
384,"$65,721.00","$62,500.00","$61,518.00","$63,246.33"
385,"$28,455.50","$29,685.00","$34,514.50","$30,885.00"
386,"$47,884.00","$49,835.00","$49,806.00","$49,175.00"
387,"$25,536.00","$27,896.00","$30,469.00","$27,967.00"
388,"$52,111.50","$55,715.00","$59,697.50","$55,841.33"
389,"$34,639.50","$37,649.50","$39,155.00","$37,148.00"
390,"$39,925.50","$39,023.00","$42,344.00","$40,430.83"
391,"$30,942.00","$33,101.50","$34,097.50","$32,713.67"
392,"$35,532.50","$36,291.00","$40,389.00","$37,404.17"
393,"$36,804.00","$36,567.50","$35,918.50","$36,430.00"
394,"$45,388.33","$47,675.33","$47,932.67","$46,998.78"
395,"$24,685.50","$26,786.00","$33,557.50","$28,343.00"
396,"$35,337.00","$41,073.50","$42,089.00","$39,499.83"
397,"$27,052.50","$29,747.00","$28,968.00","$28,589.17"
398,"$61,187.00","$61,882.67","$62,284.67","$61,784.78"
399,"$39,998.50","$38,962.50","$43,428.50","$40,796.50"
399.01,"$24,936.00","$22,747.00","$25,903.00","$24,528.67"
399.02,"$24,852.00","$24,799.00","$33,229.00","$27,626.67"
400,"$52,064.00","$57,637.50","$61,994.00","$57,231.83"
401,"$41,688.00","$41,089.33","$38,917.00","$40,564.78"
402,"$61,341.50","$61,803.50","$69,987.00","$64,377.33"
403,"$37,670.50","$37,007.50","$35,666.50","$36,781.50"
403.02,"$22,318.00","$25,724.00","$27,156.00","$25,066.00"
403.03,"$37,045.00","$40,731.00","$40,838.00","$39,538.00"
403.04,"$36,481.00","$34,643.00","$30,923.00","$34,015.67"
404,"$39,690.00","$43,351.67","$54,054.00","$45,698.56"
405,"$47,541.50","$41,686.00","$49,040.00","$46,089.17"
405.01,"$29,647.00","$34,009.00","$35,436.00","$33,030.67"
405.02,"$22,626.00","$23,583.00","$23,142.00","$23,117.00"
406,"$37,226.00","$44,440.00","$42,456.50","$41,374.17"
407,"$36,807.00","$43,355.00","$44,306.00","$41,489.33"
407.01,"$31,045.00","$30,354.00","$36,607.00","$32,668.67"
407.02,"$27,951.00","$29,978.00","$29,946.00","$29,291.67"
408,"$37,969.50","$45,650.00","$45,318.00","$42,979.17"
409,"$43,897.67","$44,652.67","$46,975.00","$45,175.11"
410,"$47,424.00","$43,750.00","$41,786.00","$44,320.00"
411,"$37,864.00","$41,187.67","$43,602.67","$40,884.78"
412,"$47,371.00","$41,944.00","$52,083.00","$47,132.67"
413,"$42,990.67","$42,832.00","$42,525.00","$42,782.56"
414,"$48,481.00","$47,216.00","$50,313.00","$48,670.00"
414.01,"$48,750.00","$52,774.00","$58,750.00","$53,424.67"
414.02,"$31,063.00","$28,884.00","$38,375.00","$32,774.00"
415,"$41,654.67","$45,492.00","$48,195.00","$45,113.89"
416,"$44,679.00","$44,260.00","$44,426.00","$44,455.00"
417,"$27,552.00","$22,022.00","$27,705.00","$25,759.67"
418,"$31,581.00","$35,442.50","$35,766.50","$34,263.33"
419,"$37,453.00","$40,502.00","$38,429.50","$38,794.83"
420,"$37,335.00","$35,547.00","$42,437.50","$38,439.83"
421,"$36,047.50","$35,565.00","$35,374.00","$35,662.17"
422,"$56,453.00","$60,041.50","$58,901.00","$58,465.17"
423,"$42,899.50","$41,434.50","$40,233.50","$41,522.50"
424,"$57,673.00","$61,220.33","$60,160.00","$59,684.44"
425,"$38,850.50","$37,142.50","$39,444.50","$38,479.17"
426,"$53,564.00","$51,047.00","$51,734.50","$52,115.17"
427,"$45,266.00","$45,043.00","$46,640.00","$45,649.67"
428,"$55,513.00","$57,602.50","$60,251.00","$57,788.83"
429,"$44,894.00","$45,382.00","$44,493.00","$44,923.00"
429.01,"$37,317.00","$39,625.00","$41,394.00","$39,445.33"
429.02,"$26,823.00","$27,553.00","$27,159.00","$27,178.33"
430,"$46,085.00","$43,412.50","$53,496.50","$47,664.67"
431,"$34,306.00","$36,648.50","$39,543.50","$36,832.67"
432,"$67,838.00","$68,662.00","$64,896.50","$67,132.17"
433,"$32,883.00","$37,882.00","$37,632.00","$36,132.33"
434,"$58,042.67","$59,758.67","$59,899.00","$59,233.44"
435,"$31,203.50","$41,904.00","$40,368.00","$37,316.60"
436,"$49,924.50","$58,895.50","$56,685.50","$55,168.50"
437,"$43,316.00","$42,500.00","$44,058.00","$43,291.33"
437.01,"$47,333.00","$50,817.00","$59,550.00","$52,566.67"
437.02,"$37,411.00","$37,904.00","$38,914.00","$38,076.33"
438,"$38,542.00","$40,227.00","$46,250.00","$41,673.00"
439,"$39,383.50","$40,771.50","$45,414.50","$41,856.50"
440,"$50,601.50","$49,982.00","$55,490.50","$52,024.67"
441,"$45,049.00","$49,167.00","$52,676.00","$48,964.00"
442,"$42,315.00","$47,984.50","$53,214.00","$47,837.83"
443,"$52,222.00","$56,657.00","$58,412.00","$55,763.67"
443.01,"$20,958.00","$20,273.00","$22,829.00","$21,353.33"
443.02,"$54,057.00","$54,569.00","$52,218.00","$53,614.67"
444,"$44,316.67","$49,892.33","$49,368.33","$47,859.11"
445,"$42,198.00","$42,894.00","$47,255.00","$44,115.67"
446,"$58,977.00","$47,031.00","$50,844.00","$52,284.00"
446.01,"$39,632.00","$36,553.00","$34,306.00","$36,830.33"
446.02,"$39,728.00","$42,384.00","$41,322.00","$41,144.67"
447,"$51,333.00","$50,114.00","$50,236.00","$50,561.00"
448,"$61,128.00","$60,574.33","$68,279.67","$63,327.33"
449,"$39,375.00","$33,831.00","$28,750.00","$33,985.33"
449.01,"$67,537.00","$67,083.00","$69,231.00","$67,950.33"
449.02,"$54,844.00","$62,656.00","$66,125.00","$61,208.33"
450,"$64,969.00","$46,021.00","$57,113.50","$56,034.50"
451.01,"$59,788.00","$62,286.00","$65,781.00","$62,618.33"
451.02,"$75,673.00","$80,139.00","$84,018.00","$79,943.33"
452,"$53,797.50","$53,872.00","$62,434.00","$56,701.17"
453,"$51,100.00","$55,536.00","$62,632.00","$56,422.67"
454,"$50,317.00","$50,323.00","$50,360.50","$50,333.50"
455,"$48,070.00","$46,275.00","$47,620.00","$47,321.67"
456,"$57,838.67","$57,196.33","$64,432.33","$59,822.44"
457,"$63,750.00","$60,583.00","$53,313.00","$59,215.33"
458,"$48,685.33","$43,470.33","$52,318.67","$48,158.11"
459,"$59,074.00","$56,806.00","$56,333.00","$57,404.33"
460,"$38,506.33","$35,463.67","$35,456.00","$36,475.33"
461,"$48,060.00","$44,757.00","$47,404.00","$46,740.33"
462,"$40,637.00","$47,524.00","$45,192.00","$44,451.00"
462.01,"$41,334.50","$39,985.00","$39,497.00","$40,272.17"
462.02,"$45,342.00","$48,657.50","$43,323.00","$45,774.17"
463,"$41,339.00","$42,720.00","$43,456.00","$42,505.00"
464,"$69,784.50","$69,569.50","$66,494.50","$68,616.17"
465,"$41,615.00","$42,344.00","$32,391.00","$38,783.33"
466,"$52,059.00","$52,477.00","$60,170.00","$54,902.00"
467,"$39,138.00","$34,214.00","$31,487.00","$34,946.33"
468,"$34,608.00","$38,076.00","$44,969.00","$39,217.67"
469,"$45,157.00","$45,048.00","$40,382.00","$43,529.00"
470,"$49,781.00","$50,052.50","$52,840.50","$50,891.33"
471,"$41,625.00","$46,855.00","$48,803.00","$45,761.00"
472,"$62,479.00","$58,375.50","$58,560.00","$59,804.83"
473,"$54,554.00","$52,500.00","$53,462.00","$53,505.33"
474,"$57,895.00","$52,125.00","$52,599.00","$54,206.33"
475,"$51,905.00","$54,130.00","$49,438.00","$51,824.33"
476,"$77,723.00","$66,169.00","$55,284.00","$66,392.00"
477,"$81,659.00","$86,932.00","$87,596.00","$85,395.67"
478,"$50,086.00","$55,928.50","$54,594.00","$53,536.17"
479,"$57,651.00","$46,956.00","$46,121.00","$50,242.67"
480,"$51,252.00","$45,683.00","$45,729.00","$47,554.67"
481,"$55,484.50","$54,185.50","$52,837.00","$54,169.00"
482,"$56,739.00","$57,662.50","$65,400.50","$59,934.00"
483,"$49,634.00","$43,019.00","$50,509.00","$47,720.67"
484,"$54,213.00","$57,203.00","$57,104.67","$56,173.56"
485,"$69,039.00","$69,559.00","$77,973.50","$72,190.50"
486,"$33,833.00","$44,489.00","$45,045.00","$41,122.33"
488,"$45,108.00","$52,000.00","$52,266.00","$49,791.33"
489,"$41,197.00","$42,571.50","$40,514.50","$41,427.67"
490,"$34,306.00","$35,642.00","$52,319.00","$40,755.67"
491,"$33,739.00","$32,813.00","$32,490.00","$33,014.00"
492,"$47,402.50","$50,289.00","$51,141.00","$49,610.83"
493,"$32,508.00","$30,613.00","$31,270.00","$31,463.67"
493.01,"$58,304.00","$60,426.00","$49,750.00","$56,160.00"
493.02,"$57,188.00","$60,268.00","$62,188.00","$59,881.33"
494,"$47,441.00","$47,397.00","$53,000.00","$49,279.33"
495,"$63,961.00","$67,253.50","$74,235.00","$68,483.17"
496,"$67,347.50","$65,245.00","$69,114.00","$67,235.50"
497,"$61,328.00","$62,675.50","$65,266.00","$63,089.83"
498,"$51,795.00","$67,907.00","$71,538.00","$63,746.67"
499,"$66,184.00","$63,922.00","$62,556.50","$64,220.83"
500,"$57,058.50","$59,178.50","$59,793.50","$58,676.83"
501,"$73,155.00","$73,919.00","$79,219.00","$75,431.00"
502.01,"$78,000.00","$74,813.00","$73,500.00","$75,437.67"
502.02,"$79,344.00","$67,349.50","$76,079.50","$74,257.67"
503,"$67,610.00","$69,712.00","$79,453.00","$72,258.33"
504,"$60,085.00","$75,662.50","$66,634.00","$66,406.86"
505,"$45,804.00","$46,420.50","$47,259.00","$46,494.50"
506,"$59,288.50","$65,229.00","$65,520.00","$63,345.83"
507,"$54,069.00","$53,245.00","$51,657.50","$52,990.50"
508,"$59,196.00","$66,250.00","$69,423.00","$64,956.33"
508.01,"$42,024.00","$40,417.00","$45,455.00","$42,632.00"
508.03,"$41,585.00","$38,807.00","$41,463.00","$40,618.33"
508.04,"$50,200.00","$50,440.00","$50,265.00","$50,301.67"
509,"$30,625.00","$32,762.00","$31,650.00","$31,679.00"
510,"$88,750.00","$115,069.00","$81,196.00","$95,005.00"
510.01,"$44,538.00","$44,332.00","$49,896.00","$46,255.33"
510.02,"$43,702.00","$45,982.00","$50,484.00","$46,722.67"
511,"$50,059.50","$50,692.00","$55,910.50","$52,220.67"
512,"$57,033.50","$52,643.00","$61,340.00","$57,005.50"
513,"$62,049.50","$61,116.00","$63,827.50","$62,331.00"
514,"$45,712.00","$45,685.00","$45,453.00","$45,616.67"
515,"$76,755.00","$82,853.00","$93,516.50","$84,374.83"
516,"$68,259.00","$65,695.50","$70,019.50","$67,991.33"
516.01,"$31,062.00","$34,241.00","$42,220.00","$35,841.00"
516.02,"$38,802.00","$38,813.00","$49,321.00","$42,312.00"
517,"$74,232.00","$80,113.00","$77,014.50","$77,119.83"
518,"$73,815.00","$75,626.50","$69,674.00","$73,038.50"
519,"$84,739.00","$87,087.00","$92,174.00","$88,000.00"
520,"$77,399.00","$74,877.50","$70,952.00","$74,409.50"
521,"$51,853.00","$60,260.00","$62,222.00","$58,111.67"
522,"$71,667.00","$81,923.00","$76,429.00","$76,673.00"
523,"$45,000.00","$43,076.00","$42,325.00","$43,467.00"
524,"$67,768.00","$75,393.00","$72,546.00","$71,902.33"
525,"$37,386.00","$39,403.00","$46,800.50","$41,196.50"
526,"$69,292.00","$60,444.00","$61,796.50","$63,844.17"
527,"$27,829.00","$32,022.00","$38,968.00","$32,939.67"
528,"$70,281.50","$72,784.00","$78,340.50","$73,802.00"
529,"$31,685.00","$31,962.00","$31,493.00","$31,713.33"
530,"$46,636.50","$50,928.00","$52,604.50","$50,056.33"
531,"$39,023.00","$37,775.00","$45,526.00","$40,774.67"
532,"$73,065.00","$68,172.50","$75,307.00","$72,181.50"
533,"$21,633.00","$20,931.00","$21,796.00","$21,453.33"
534,"$23,832.00","$31,004.00","$25,833.00","$26,889.67"
534.01,"$69,318.00","$65,583.00","$61,591.00","$65,497.33"
535,"$40,220.50","$35,397.00","$39,193.00","$38,270.17"
536.01,"$69,625.00","$65,750.00","$65,000.00","$66,791.67"
537,"$23,207.00","$26,346.00","$28,550.00","$26,034.33"
538,"$44,267.50","$51,018.00","$58,090.50","$51,125.33"
539,"$37,558.00","$40,217.50","$37,877.50","$38,551.00"
540,"$46,071.00","$48,040.00","$49,825.00","$47,978.67"
542,"$60,395.00","$55,133.00","$63,750.50","$59,759.50"
543,"$81,583.00","$92,500.00","$119,250.00","$97,777.67"
544,"$58,145.00","$44,453.00","$45,333.00","$49,310.33"
545,"$32,669.00","$34,426.00","$35,404.00","$34,166.33"
546,"$36,731.00","$31,868.00","$37,625.00","$35,408.00"
547,"$46,831.00","$46,619.00","$48,101.50","$47,183.83"
548,"$71,253.00","$65,828.00","$61,205.50","$66,095.50"
549,"$50,904.00","$54,420.00","$70,342.50","$58,555.50"
550,"$43,975.00","$42,993.00","$56,023.00","$47,663.67"
551,"$51,138.50","$54,396.00","$67,613.00","$57,715.83"
552,"$52,193.00","$47,383.50","$45,559.00","$48,378.50"
553,"$57,874.00","$63,844.50","$71,400.00","$64,372.83"
554,"$60,264.50","$57,686.00","$58,529.00","$58,826.50"
555,"$76,830.00","$77,179.50","$88,010.50","$80,673.33"
556,"$62,763.50","$61,025.50","$64,166.50","$62,651.83"
557,"$64,142.00","$67,184.50","$67,889.50","$66,405.33"
558,"$69,489.50","$67,416.50","$62,872.50","$66,592.83"
559,"$59,868.00","$60,625.00","$59,276.00","$59,923.00"
560,"$52,908.50","$53,162.00","$59,523.00","$55,197.83"
561,"$95,444.50","$96,094.00","$98,410.50","$96,649.67"
562,"$65,099.50","$77,604.00","$75,705.50","$72,803.00"
563,"$53,807.00","$66,591.00","$66,310.00","$62,236.00"
564,"$57,619.00","$62,121.50","$63,409.00","$61,049.83"
565,"$63,497.00","$64,669.00","$76,993.00","$68,386.33"
566,"$68,844.00","$66,433.00","$57,557.00","$64,278.00"
567,"$65,313.00","$80,838.00","$84,228.00","$76,793.00"
568,"$80,052.50","$72,220.50","$74,781.50","$75,684.83"
569,"$71,603.00","$71,111.00","$81,375.00","$74,696.33"
570,"$62,653.00","$57,200.00","$61,369.00","$60,407.33"
571,"$60,750.00","$58,553.00","$57,269.00","$58,857.33"
572,"$19,933.00","$18,459.00","$18,774.00","$19,055.33"
573,"$60,781.00","$70,878.00","$76,875.00","$69,511.33"
574,"$90,263.00","$83,295.00","$90,938.00","$88,165.33"
575,"$63,026.00","$79,476.00","$74,193.00","$72,231.67"
576,"$63,980.00","$68,950.00","$67,232.00","$66,720.67"
577,"$65,373.00","$66,983.00","$60,372.00","$64,242.67"
578,"$40,577.00","$37,953.00","$40,962.00","$39,830.67"
579,"$46,611.50","$55,021.00","$57,708.00","$53,113.50"
580,"$58,547.50","$58,451.00","$59,865.50","$58,954.67"
581,"$55,000.00","$52,560.00","$55,040.00","$54,200.00"
582,"$61,322.00","$63,458.50","$65,385.50","$63,388.67"
583,"$54,467.00","$54,688.00","$75,847.00","$61,667.33"
584,"$55,786.00","$58,975.00","$56,343.00","$57,034.67"
585,"$55,000.00","$52,917.00","$60,588.00","$56,168.33"
586,"$53,636.00","$56,797.00","$60,781.00","$57,071.33"
587,"$47,019.00","$47,331.00","$55,481.00","$49,943.67"
588,"$67,833.00","$61,964.00","$68,438.00","$66,078.33"
589,"$64,312.50","$60,231.50","$61,095.50","$61,879.83"
590,"$59,906.50","$59,407.00","$61,952.00","$60,421.83"
591,"$58,178.50","$66,732.00","$75,048.50","$66,653.00"
592,"$57,658.50","$71,305.50","$76,701.00","$68,555.00"
593,"$57,407.00","$62,831.00","$61,438.00","$60,558.67"
594,"$100,132.00","$89,500.00","$85,714.00","$91,782.00"
594.01,"$47,593.00","$42,067.00","$51,007.00","$46,889.00"
594.02,"$68,750.00","$68,429.00","$69,926.00","$69,035.00"
595,"$57,426.00","$52,159.00","$59,038.00","$56,207.67"
596,"$79,767.00","$68,002.50","$71,458.50","$73,076.00"
598,"$69,693.50","$73,317.00","$79,044.50","$74,018.33"
599,"$54,635.00","$57,697.00","$47,898.00","$53,410.00"
600,"$56,966.50","$69,776.50","$71,315.00","$66,019.33"
601,"$67,898.00","$67,330.00","$65,350.00","$66,859.33"
603,"$67,981.00","$75,313.00","$84,886.00","$76,060.00"
606,"$54,494.00","$56,605.50","$63,575.00","$58,224.83"
608,"$69,479.00","$67,517.00","$56,530.00","$64,508.67"
610,"$74,417.00","$71,766.00","$76,818.00","$74,333.67"
610.02,"$61,080.00","$68,750.00","$63,854.00","$64,561.33"
610.03,"$46,217.00","$45,202.00","$42,279.00","$44,566.00"
610.04,"$21,220.00","$23,583.00","$23,185.00","$22,662.67"
612,"$89,406.50","$83,916.50","$91,727.50","$88,350.17"
613.01,"$51,103.00","$52,153.00","$71,316.00","$58,190.67"
614,"$100,391.00","$101,473.00","$89,219.00","$97,027.67"
616,"$89,063.00","$103,000.00","$70,667.00","$87,576.67"
616.01,"$108,464.00","$97,679.00","$88,654.00","$98,265.67"
616.02,"$83,281.00","$89,063.00","$94,750.00","$89,031.33"
618,"$67,462.00","$60,938.00","$59,889.00","$62,763.00"
619,"$69,663.00","$69,004.00","$82,069.00","$73,578.67"
620,"$92,765.00","$97,733.50","$105,123.50","$98,540.67"
621,"$55,976.00","$56,154.00","$58,625.00","$56,918.33"
622,"$62,009.50","$65,083.00","$70,176.50","$65,756.33"
623,"$54,891.00","$68,207.00","$74,375.00","$65,824.33"
625,"$66,858.00","$62,263.00","$66,750.00","$65,290.33"
626,"$64,514.00","$65,871.50","$60,824.50","$63,736.67"
627,"$63,667.00","$66,380.00","$68,664.00","$66,237.00"
628,"$65,313.00","$70,260.00","$71,265.00","$68,946.00"
629,"$58,409.00","$60,156.00","$61,667.00","$60,077.33"
630,"$79,674.00","$80,417.00","$82,083.00","$80,724.67"
632,"$71,328.50","$72,153.00","$84,271.00","$75,917.50"
633.01,"$67,125.00","$62,604.00","$77,794.00","$69,174.33"
633.02,"$67,431.00","$66,983.00","$71,442.00","$68,618.67"
635,"$62,000.00","$70,750.00","$54,934.00","$62,561.33"
636,"$91,136.00","$93,214.00","$94,063.00","$92,804.33"
637,"$83,563.00","$84,738.00","$94,389.00","$87,563.33"
638,"$81,936.50","$86,758.50","$93,862.50","$87,519.17"
639,"$67,232.00","$68,472.00","$73,548.00","$69,750.67"
640,"$90,833.00","$97,241.00","$112,765.00","$100,279.67"
641.01,"$52,230.00","$55,329.00","$57,578.00","$55,045.67"
641.02,"$20,250.00",,,"$20,250.00"
642,"$60,863.00","$59,732.00","$60,682.00","$60,425.67"
644,"$90,714.00","$83,125.00","$86,979.00","$86,939.33"
645,"$83,636.00","$80,132.00","$80,192.00","$81,320.00"
646,"$85,838.00","$86,871.50","$89,527.50","$87,412.33"
648,"$62,232.00","$63,393.00","$72,143.00","$65,922.67"
650,"$72,257.00","$65,485.50","$66,175.00","$67,972.50"
652,"$97,000.00","$95,368.00","$86,250.00","$92,872.67"
654,"$85,158.50","$86,807.00","$91,301.00","$87,755.50"
656,"$79,586.00","$72,703.00","$79,171.50","$77,153.50"
657.02,"$64,750.00","$61,905.00","$70,150.00","$65,601.67"
657.03,"$73,125.00","$72,313.00","$67,039.00","$70,825.67"
658,"$75,417.00","$81,932.00","$78,882.00","$78,743.67"
659,"$92,750.00","$90,227.00","$83,000.00","$88,659.00"
660,"$89,997.00","$90,807.00","$96,278.00","$92,360.67"
661,"$76,542.00","$75,313.00","$78,319.00","$76,724.67"
662,"$85,066.00","$80,893.00","$76,016.00","$80,658.33"
663,"$81,875.00","$95,854.00","$97,404.00","$91,711.00"
664,"$84,450.00","$88,162.00","$83,885.00","$85,499.00"
665.01,"$71,547.00","$80,455.00","$83,839.00","$78,613.67"
667.01,"$61,944.00","$52,917.00","$55,571.00","$56,810.67"
669,"$82,750.00","$74,259.00","$74,798.00","$77,269.00"
670,"$62,045.00","$60,857.00","$76,250.00","$66,384.00"
671,"$64,808.00","$83,854.00","$96,250.00","$81,637.33"
672,"$61,840.00","$63,571.00","$68,090.00","$64,500.33"
674,"$72,143.00","$81,964.00","$71,652.00","$75,253.00"
676,"$70,708.00","$75,972.00","$82,872.00","$76,517.33"
677,"$88,235.00","$87,802.00","$85,625.00","$87,220.67"
678,"$79,673.00","$81,847.00","$85,234.00","$82,251.33"
679,"$47,391.00","$44,861.00","$49,495.00","$47,249.00"
680,"$73,189.00","$81,354.00","$79,805.00","$78,116.00"
682,"$82,412.00","$78,437.50","$88,972.50","$83,274.00"
683,"$60,317.00","$63,021.00","$60,538.00","$61,292.00"
686,"$48,542.00","$51,800.00","$51,694.00","$50,678.67"
687,"$56,121.00","$57,452.00","$57,449.00","$57,007.33"
688,"$86,563.00","$81,750.00","$88,125.00","$85,479.33"
690,"$76,172.00","$79,884.00","$77,069.50","$77,708.50"
692,"$83,261.00","$84,674.00","$101,250.00","$89,728.33"
693,"$45,785.00","$42,389.00","$41,392.00","$43,188.67"
694,"$81,724.00","$80,598.00","$79,183.00","$80,501.67"
695,"$49,107.00","$54,309.00","$53,777.00","$52,397.67"
696.01,"$48,971.00","$53,047.00","$55,762.00","$52,593.33"
696.02,"$93,281.00","$89,375.00","$86,362.00","$89,672.67"
697.01,"$50,525.00","$55,023.00","$60,833.00","$55,460.33"
697.02,"$61,855.00","$77,729.00","$77,614.00","$72,399.33"
698,"$67,391.00","$73,681.00","$77,500.00","$72,857.33"
700,"$58,971.00","$66,250.00","$55,380.00","$60,200.33"
702.01,"$52,083.00","$59,655.00","$72,750.00","$61,496.00"
703,"$64,737.00","$56,818.00","$55,833.00","$59,129.33"
706,"$85,069.00","$85,515.00","$88,837.00","$86,473.67"
707,"$91,071.00","$81,042.00","$97,888.00","$90,000.33"
709,"$99,531.00","$97,039.00","$82,125.00","$92,898.33"
711,"$57,592.00","$59,632.00","$64,005.00","$60,409.67"
713.03,"$73,896.00","$79,447.00","$81,975.00","$78,439.33"
713.04,"$54,226.00","$52,914.00","$52,987.00","$53,375.67"
713.05,"$77,940.00","$71,250.00","$70,216.00","$73,135.33"
713.06,"$60,335.00","$65,837.00","$66,793.00","$64,321.67"
717.01,"$51,016.00","$65,250.00","$64,583.00","$60,283.00"
717.02,"$38,627.00","$40,000.00","$43,088.00","$40,571.67"
719,"$54,563.00","$51,658.00","$48,902.00","$51,707.67"
720,"$64,286.00","$63,000.00","$64,659.00","$63,981.67"
721,"$49,699.00","$47,460.00","$50,425.00","$49,194.67"
722,"$60,333.00","$61,286.00","$65,305.00","$62,308.00"
723,"$120,938.00","$124,643.00","$123,229.00","$122,936.67"
724,"$81,818.00","$76,071.00","$76,500.00","$78,129.67"
726,"$79,183.00","$82,961.00","$82,024.00","$81,389.33"
728,"$51,991.00","$67,102.00","$61,481.00","$60,191.33"
729,"$90,580.00","$86,719.00","$95,500.00","$90,933.00"
730,"$84,583.00","$93,462.00","$89,219.00","$89,088.00"
731,"$110,417.00","$110,500.00","$109,615.00","$110,177.33"
732,"$71,016.00","$74,018.00","$73,580.00","$72,871.33"
734,"$76,971.00","$84,167.00","$83,542.00","$81,560.00"
736,"$42,264.00","$60,051.00","$60,353.00","$54,222.67"
737,"$73,051.00","$72,222.00","$62,240.00","$69,171.00"
738,"$60,859.00","$55,714.00","$53,571.00","$56,714.67"
739,"$75,828.00","$74,435.00","$76,550.00","$75,604.33"
740,"$52,669.00","$60,170.00","$58,646.00","$57,161.67"
741,"$67,744.00","$69,336.00","$69,824.00","$68,968.00"
742,"$75,727.00","$75,952.00","$77,870.00","$76,516.33"
743,"$51,620.00","$58,867.00","$57,587.00","$56,024.67"
744,"$98,269.00","$102,125.00","$103,611.00","$101,335.00"
745,"$36,550.00","$34,141.00","$35,967.00","$35,552.67"
746,"$82,188.00","$82,188.00","$85,186.00","$83,187.33"
747,"$60,000.00","$57,375.00","$64,250.00","$60,541.67"
748,"$54,219.00","$61,667.00","$72,250.00","$62,712.00"
749,"$109,688.00","$151,250.00","$151,964.00","$137,634.00"
750,"$51,912.00","$52,774.00","$52,731.00","$52,472.33"
752,"$72,679.00","$111,429.00","$125,750.00","$103,286.00"
754,"$93,472.00","$86,389.00","$117,885.00","$99,248.67"
756,"$66,090.00","$62,935.00","$83,026.00","$70,683.67"
757.01,"$75,382.00","$69,375.00","$76,774.00","$73,843.67"
757.02,"$71,875.00","$86,607.00","$80,135.00","$79,539.00"
758,"$83,015.00","$84,044.00","$84,318.00","$83,792.33"
760,"$45,288.00","$41,364.00","$42,955.00","$43,202.33"
762,"$47,519.00","$46,667.00","$44,250.00","$46,145.33"
764,"$50,773.00","$47,364.00","$54,636.00","$50,924.33"
766,"$57,773.00","$59,926.00","$59,653.00","$59,117.33"
768,"$51,875.00","$44,858.00","$42,500.00","$46,411.00"
769.01,"$81,297.00","$76,538.00","$77,135.00","$78,323.33"
769.02,"$84,960.00","$85,452.00","$81,131.00","$83,847.67"
770,"$55,264.00","$54,732.00","$48,611.00","$52,869.00"
772,"$56,786.00","$61,117.00","$60,518.00","$59,473.67"
773,"$71,178.00","$73,566.00","$72,775.00","$72,506.33"
774,"$50,463.00","$49,125.00","$57,022.00","$52,203.33"
775,"$75,341.00","$69,750.00","$64,977.00","$70,022.67"
776,"$57,375.00","$62,529.00","$57,000.00","$58,968.00"
779.02,"$93,059.00","$83,629.00","$81,616.00","$86,101.33"
779.03,"$67,670.00","$69,216.00","$73,790.00","$70,225.33"
779.04,"$59,980.00","$59,905.00","$60,521.00","$60,135.33"
779.05,"$63,776.00","$62,772.00","$66,458.00","$64,335.33"
779.06,"$50,932.00","$56,012.00","$61,523.00","$56,155.67"
779.07,"$41,118.00","$44,524.00","$44,036.00","$43,226.00"
779.08,"$46,731.00","$52,349.00","$50,703.00","$49,927.67"
780,"$80,996.00","$81,299.00","$84,159.00","$82,151.33"
782,"$48,807.00","$51,975.00","$56,618.00","$52,466.67"
784,"$89,688.00","$93,176.00","$79,000.00","$87,288.00"
786,"$40,378.00","$42,482.00","$45,114.00","$42,658.00"
788,"$49,476.00","$49,469.00","$49,400.50","$49,448.50"
790,"$48,360.50","$50,867.00","$47,959.50","$49,062.33"
792,"$49,007.50","$48,960.00","$49,712.00","$49,226.50"
794,"$35,082.00","$45,227.00","$36,237.00","$38,848.67"
796.01,"$44,138.00","$46,450.00","$53,289.00","$47,959.00"
796.02,"$38,243.00","$38,227.00","$40,000.00","$38,823.33"
797.01,"$52,431.00","$48,201.00","$36,663.00","$45,765.00"
797.02,"$35,547.00","$32,403.00","$36,044.00","$34,664.67"
798.01,"$52,042.00","$61,250.00","$71,272.00","$61,521.33"
798.02,"$50,917.00","$53,221.00","$60,696.00","$54,944.67"
799,"$45,000.00","$42,250.00","$42,188.00","$43,146.00"
800,"$51,520.00","$55,833.00","$67,981.00","$58,444.67"
802,"$42,652.00","$41,607.00","$45,030.00","$43,096.33"
803.01,"$49,572.00","$50,707.00","$53,021.00","$51,100.00"
803.02,"$53,882.00","$62,813.00","$68,010.00","$61,568.33"
804,"$32,978.00","$31,941.00","$32,899.00","$32,606.00"
806,"$41,167.00","$39,194.00","$39,536.00","$39,965.67"
808,"$11,012.00","$9,829.00","$9,740.00","$10,193.67"
809,"$81,250.00","$66,000.00","$67,891.00","$71,713.67"
810,"$48,239.00","$40,698.00","$43,229.00","$44,055.33"
814,"$47,802.50","$54,309.50","$51,229.50","$51,113.83"
816,"$45,573.00","$45,125.00","$41,071.00","$43,923.00"
818,"$47,274.00","$49,609.50","$52,999.50","$49,961.00"
820,"$42,458.00","$36,472.00","$36,921.00","$38,617.00"
822,"$39,606.00","$38,997.00","$41,118.00","$39,907.00"
824,"$40,938.00","$44,432.00","$43,155.00","$42,841.67"
826,"$37,708.00","$44,120.00","$44,063.00","$41,963.67"
828,"$51,050.00","$47,269.00","$49,632.00","$49,317.00"
830,"$47,403.00","$45,598.00","$50,606.00","$47,869.00"
832,"$63,000.00","$62,083.00","$63,708.00","$62,930.33"
834,"$75,819.00","$57,708.00","$56,726.00","$63,417.67"
836,"$54,286.00","$58,068.00","$67,454.00","$59,936.00"
837,"$51,535.00","$50,947.00","$51,122.00","$51,201.33"
838,"$70,784.50","$66,342.50","$62,329.00","$66,485.33"
840,"$55,232.50","$54,407.50","$52,642.00","$54,094.00"
845,"$24,818.00","$24,335.00","$25,258.00","$24,803.67"
846,"$57,125.00","$48,182.00","$53,594.00","$52,967.00"
846.01,"$61,382.00","$63,971.00","$70,208.00","$65,187.00"
846.02,"$60,375.00","$56,167.00","$59,286.00","$58,609.33"
848,"$51,923.00","$52,232.00","$54,120.00","$52,758.33"
849,"$32,195.00","$26,711.00","$26,512.00","$28,472.67"
850,"$64,831.00","$75,417.00","$70,208.00","$70,152.00"
853,"$32,217.00","$37,275.00","$36,546.00","$35,346.00"
854,"$40,481.00","$39,819.00","$47,763.00","$42,687.67"
855,"$48,497.00","$44,422.00","$36,980.00","$43,299.67"
856,"$51,875.00","$52,554.00","$49,657.00","$51,362.00"
857,"$37,643.00","$36,236.00","$39,517.00","$37,798.67"
858,"$47,670.00","$52,083.00","$52,344.00","$50,699.00"
859,"$36,903.00","$38,788.00","$44,861.00","$40,184.00"
860,"$40,963.00","$42,270.00","$51,333.00","$44,855.33"
861,"$47,887.00","$40,610.00","$38,967.00","$42,488.00"
862,"$40,385.00","$44,018.00","$48,750.00","$44,384.33"
863,"$32,094.00","$32,721.00","$38,958.00","$34,591.00"
864,"$60,553.50","$49,089.50","$49,296.00","$52,979.67"
865,"$36,657.00","$30,350.00","$29,147.00","$32,051.33"
866,"$42,179.00","$46,438.00","$45,451.00","$44,689.33"
868,"$40,732.00","$47,679.00","$57,850.00","$48,753.67"
869,"$37,083.00","$34,519.00","$31,154.00","$34,252.00"
870,"$35,606.00","$33,750.00","$35,938.00","$35,098.00"
871,"$25,069.00","$31,364.00","$38,115.00","$31,516.00"
872,"$38,604.00","$42,891.00","$40,965.00","$40,820.00"
874.01,"$25,727.00","$30,150.00","$29,656.00","$28,511.00"
876,"$39,784.00","$40,109.00","$31,712.00","$37,201.67"
878,"$44,375.00","$40,208.00","$36,693.00","$40,425.33"
880,"$55,085.00","$51,827.00","$50,302.00","$52,404.67"
882,"$45,072.00","$46,750.00","$48,043.00","$46,621.67"
884,"$56,971.00","$57,136.50","$58,441.00","$57,516.17"
886,"$37,420.00","$45,208.00","$37,359.00","$39,995.67"
888,"$39,049.00","$43,046.00","$45,131.00","$42,408.67"
889.01,"$50,630.00","$42,276.00","$46,038.00","$46,314.67"
890,"$29,000.00","$28,688.00","$29,082.00","$28,923.33"
892,"$54,517.00","$55,357.50","$58,076.50","$55,983.67"
894,"$41,908.00","$43,159.00","$41,269.00","$42,112.00"
896,"$34,535.00","$34,482.00","$37,168.00","$35,395.00"
898,"$39,028.00","$38,988.00","$40,000.00","$39,338.67"
900,"$28,154.00","$27,716.00","$25,049.00","$26,973.00"
902,"$46,987.00","$42,734.00","$41,250.00","$43,657.00"
906,"$18,768.00","$15,674.00","$14,500.00","$16,314.00"
907,"$47,857.00","$58,906.00","$51,750.00","$52,837.67"
908,"$13,235.00","$12,863.00","$12,052.00","$12,716.67"
910,"$11,761.00","$10,746.00","$11,014.00","$11,173.67"
912,"$19,427.00","$20,360.00","$21,747.00","$20,511.33"
916,"$27,639.00","$31,105.00","$32,610.00","$30,451.33"
916.01,"$82,230.00","$93,333.00","$100,909.00","$92,157.33"
918,"$31,447.00","$27,500.00","$30,326.00","$29,757.67"
919,"$55,613.00","$46,777.00","$48,304.00","$50,231.33"
920,"$33,210.00","$32,292.00","$39,570.00","$35,024.00"
922,"$87,244.50","$75,211.50","$81,686.00","$81,380.67"
924,"$37,991.00","$37,266.00","$36,500.00","$37,252.33"
925,"$51,179.00","$48,016.00","$41,969.00","$47,054.67"
928,"$86,852.50","$84,727.00","$94,732.00","$88,770.50"
929,"$55,162.00","$55,000.00","$54,389.00","$54,850.33"
930,"$58,289.00","$56,014.00","$58,914.00","$57,739.00"
932,"$77,750.00","$83,500.00","$86,563.00","$82,604.33"
934,"$52,379.00","$51,648.00","$48,941.00","$50,989.33"
934.01,"$81,182.00","$81,939.00","$80,718.00","$81,279.67"
934.02,"$83,313.00","$70,577.00","$80,379.00","$78,089.67"
936,"$78,063.00","$71,964.00","$72,813.00","$74,280.00"
938,"$37,737.50","$47,880.00","$48,351.00","$44,656.17"
939,"$70,556.00","$72,908.00","$73,750.00","$72,404.67"
942.01,"$54,496.00","$52,965.00","$53,049.00","$53,503.33"
942.02,"$47,292.00","$44,474.00","$40,649.00","$44,138.33"
942.03,"$44,502.00","$44,689.00","$48,114.00","$45,768.33"
944.01,"$59,620.00","$66,167.00","$71,591.00","$65,792.67"
944.02,"$27,650.00","$23,417.00","$17,000.00","$22,689.00"
945,"$72,159.00","$72,243.00","$77,227.00","$73,876.33"
946,"$61,750.00","$60,950.00","$58,026.00","$60,242.00"
947,"$64,485.00","$61,932.00","$62,647.00","$63,021.33"
950,"$73,750.00","$68,854.00","$73,472.00","$72,025.33"
954,"$60,196.50","$67,034.00","$65,238.50","$64,156.33"
956,"$65,944.00","$65,459.00","$63,456.00","$64,953.00"
958,"$70,378.00","$62,431.00","$62,671.00","$65,160.00"
962,"$67,063.00","$64,750.00","$70,298.00","$67,370.33"
964,"$57,132.50","$54,975.50","$59,256.00","$57,121.33"
966,"$74,345.00","$70,625.00","$63,472.00","$69,480.67"
968,"$59,417.00","$62,250.00","$62,308.00","$61,325.00"
970,"$75,781.00","$81,548.00","$76,094.00","$77,807.67"
972.02,"$25,385.00","$35,531.00","$32,917.00","$31,277.67"
972.03,"$20,629.00","$20,712.00","$21,014.00","$20,785.00"
972.04,"$42,321.00","$40,506.00","$40,893.00","$41,240.00"
973,"$102,727.00","$86,500.00","$83,125.00","$90,784.00"
974,"$65,339.00","$56,992.00","$60,417.00","$60,916.00"
981,"$74,208.00","$78,512.00","$89,750.00","$80,823.33"
982,"$21,156.00","$19,720.00","$23,279.00","$21,385.00"
984,"$82,625.00","$71,146.00","$67,961.00","$73,910.67"
986,"$66,633.00","$69,375.00","$66,845.00","$67,617.67"
987,"$91,207.00","$71,250.00","$67,802.00","$76,753.00"
988,"$53,854.00","$59,348.00","$65,921.00","$59,707.67"
990,"$58,681.00","$75,208.00","$88,824.00","$74,237.67"
991,"$94,330.00","$88,793.00","$95,150.00","$92,757.67"
992,"$55,038.50","$53,117.50","$51,864.50","$53,340.17"
994,"$67,019.00","$64,043.00","$65,489.00","$65,517.00"
996,"$77,611.00","$64,375.00","$69,444.00","$70,476.67"
997.01,"$69,306.00","$75,852.00","$76,563.00","$73,907.00"
997.03,"$100,018.00","$94,098.00","$94,303.00","$96,139.67"
997.04,"$67,485.00","$67,131.00","$67,485.00","$67,367.00"
997.05,"$70,313.00","$71,310.00","$83,646.00","$75,089.67"
998,"$67,569.00","$72,143.00","$71,829.00","$70,513.67"
998.01,"$58,143.00","$61,434.00","$58,571.00","$59,382.67"
998.02,"$22,223.00","$34,287.00","$32,754.00","$29,754.67"
1004,"$68,953.00","$66,105.00","$68,700.00","$67,919.33"
1006,"$59,000.00","$65,096.00","$78,304.00","$67,466.67"
1008,"$59,375.00","$60,446.00","$62,794.00","$60,871.67"
1008.01,"$80,820.00","$75,800.00","$79,375.00","$78,665.00"
1008.02,"$57,725.00","$59,544.00","$56,734.00","$58,001.00"
1010,"$61,033.00","$59,840.00","$59,386.00","$60,086.33"
1010.01,"$24,480.00","$24,703.00","$27,222.00","$25,468.33"
1010.02,"$27,321.00","$41,172.00","$32,778.00","$33,757.00"
1012,"$64,811.00","$64,760.00","$54,375.00","$61,315.33"
1014,"$70,833.00","$60,969.00","$60,625.00","$64,142.33"
1016,"$97,679.00","$98,208.00","$98,821.00","$98,236.00"
1017,"$62,093.00","$69,891.00","$68,295.00","$66,759.67"
1018,"$85,388.00","$73,667.00","$71,650.00","$76,901.67"
1020,"$94,405.00","$84,563.00","$96,000.00","$91,656.00"
1022,"$53,984.00","$57,143.00","$63,000.00","$58,042.33"
1024,"$57,533.00","$74,009.00","$83,641.00","$71,727.67"
1026,"$69,574.00","$67,955.00","$72,589.00","$70,039.33"
1028,"$70,924.00","$62,216.00","$73,000.00","$68,713.33"
1029,"$64,816.00","$66,574.00","$64,167.00","$65,185.67"
1032.01,"$29,567.00","$40,399.00","$38,750.00","$36,238.67"
1032.02,"$66,076.00","$47,935.00","$56,898.00","$56,969.67"
1033,"$76,172.00","$71,917.00","$81,250.00","$76,446.33"
1034,"$17,092.00","$18,158.00","$23,133.00","$19,461.00"
1039,"$82,075.00","$80,830.00","$75,938.00","$79,614.33"
1047,"$53,291.00","$52,264.00","$51,592.00","$52,382.33"
1058.01,"$27,552.00","$25,276.00","$20,305.00","$24,377.67"
1058.04,"$27,724.00","$27,649.00","$28,663.00","$28,012.00"
1059,"$80,755.00","$87,064.00","$85,719.00","$84,512.67"
1070,"$66,563.00","$77,768.00","$80,663.00","$74,998.00"
1072.01,"$70,401.00","$71,667.00","$77,958.00","$73,342.00"
1078,"$60,319.00","$59,455.00","$63,563.00","$61,112.33"
1085,"$58,929.00","$66,467.00","$67,500.00","$64,298.67"
1093,"$103,409.00","$95,109.00","$90,703.00","$96,407.00"
1097,"$92,222.00","$100,089.00","$95,139.00","$95,816.67"
1098,"$45,714.00","$43,664.00","$46,701.00","$45,359.67"
1099,"$76,484.00","$76,250.00","$74,300.00","$75,678.00"
1104,"$34,462.00","$44,063.00","$45,278.00","$41,267.67"
1106,"$27,846.00","$24,564.00","$22,321.00","$24,910.33"
1110,"$20,675.00","$16,716.00","$16,449.00","$17,946.67"
1113,"$79,891.00","$79,917.00","$80,694.00","$80,167.33"
1116,"$36,463.00","$36,175.00","$37,917.00","$36,851.67"
1118,"$30,564.00","$33,160.00","$35,313.00","$33,012.33"
1120,"$26,719.00","$21,507.00","$25,669.00","$24,631.67"
1122,"$29,950.00","$30,987.00","$29,699.00","$30,212.00"
1123,"$65,326.00","$72,750.00","$81,500.00","$73,192.00"
1124,"$40,580.00","$40,707.00","$44,489.00","$41,925.33"
1126,"$38,902.00","$40,323.00","$41,097.00","$40,107.33"
1128,"$38,235.00","$34,028.00","$38,987.00","$37,083.33"
1129,"$77,443.00","$90,455.00","$87,321.00","$85,073.00"
1130,"$28,500.00","$29,038.00","$28,164.00","$28,567.33"
1132,"$53,587.00","$49,250.00","$50,952.00","$51,263.00"
1133,"$83,611.00","$76,106.00","$81,250.00","$80,322.33"
1134,"$17,308.00","$19,205.00","$19,191.00","$18,568.00"
1139,"$60,677.00","$60,972.00","$60,655.00","$60,768.00"
1141,"$101,979.00","$111,250.00","$115,375.00","$109,534.67"
1142.01,"$37,048.00","$45,682.00","$36,272.00","$39,667.33"
1142.02,"$36,333.00","$41,352.00","$49,662.00","$42,449.00"
1144,"$24,333.00","$26,429.00","$21,824.00","$24,195.33"
1146,"$31,477.00","$30,101.00","$42,308.00","$34,628.67"
1147,"$80,511.00","$74,861.00","$90,700.00","$82,024.00"
1150,"$33,438.00","$40,104.00","$40,227.00","$37,923.00"
1151,"$72,011.00","$70,404.00","$72,778.00","$71,731.00"
1152,"$27,155.00","$32,500.00","$36,176.00","$31,943.67"
1155,"$79,397.00","$71,250.00","$51,500.00","$67,382.33"
1156,"$14,154.00","$15,854.00","$15,433.00","$15,147.00"
1157,"$52,614.00","$53,636.00","$45,809.00","$50,686.33"
1158,"$43,806.00","$44,142.00","$47,230.00","$45,059.33"
1159,"$61,061.00","$60,469.00","$57,448.00","$59,659.33"
1160,"$24,766.00","$26,745.00","$28,750.00","$26,753.67"
1161,"$50,452.00","$47,432.00","$42,484.00","$46,789.33"
1162,"$46,463.00","$42,829.00","$43,359.00","$44,217.00"
1163,"$38,378.00","$36,127.00","$34,534.00","$36,346.33"
1164,"$38,137.00","$40,357.00","$50,060.00","$42,851.33"
1166,"$30,060.00","$33,892.00","$39,821.00","$34,591.00"
1167,"$42,857.00","$37,356.00","$30,662.00","$36,958.33"
1168,"$26,921.00","$31,983.00","$36,750.00","$31,884.67"
1170,"$37,463.00","$35,889.00","$36,813.00","$36,721.67"
1171,"$42,139.00","$40,508.00","$41,940.00","$41,529.00"
1172.01,"$48,897.00","$51,042.00","$55,594.00","$51,844.33"
1172.02,"$45,938.00","$52,260.00","$51,157.00","$49,785.00"
1174,"$49,472.00","$53,549.00","$51,891.00","$51,637.33"
1175,"$63,861.00","$63,670.00","$64,025.00","$63,852.00"
1176.01,"$43,000.00","$44,088.00","$46,389.00","$44,492.33"
1176.02,"$31,543.00","$28,304.00","$40,020.00","$33,289.00"
1178,"$36,555.00","$36,061.00","$45,536.00","$39,384.00"
1181,"$61,649.00","$66,484.00","$61,898.00","$63,343.67"
1182.01,"$35,789.00","$42,301.00","$45,147.00","$41,079.00"
1182.02,"$43,385.00","$46,048.00","$50,962.00","$46,798.33"
1184,"$47,204.00","$50,319.00","$51,019.00","$49,514.00"
1185,"$54,135.00","$51,731.00","$48,042.00","$51,302.67"
1186,"$42,446.00","$41,471.00","$41,711.00","$41,876.00"
1187,"$55,000.00","$42,222.00","$43,417.00","$46,879.67"
1188,"$26,962.00","$30,699.00","$39,773.00","$32,478.00"
1189,"$79,792.00","$70,938.00","$62,132.00","$70,954.00"
1190,"$31,926.00","$30,565.00","$31,563.00","$31,351.33"
1191,"$57,500.00","$56,313.00","$52,569.00","$55,460.67"
1192,"$29,087.00","$43,182.00","$43,713.00","$38,660.67"
1193,"$51,875.00","$47,578.00","$46,298.00","$48,583.67"
1194,"$37,981.00","$32,136.00","$31,170.00","$33,762.33"
1195,"$80,221.00","$81,618.00","$77,115.00","$79,651.33"
1196,"$33,043.00","$32,115.00","$30,905.00","$32,021.00"
1198,"$37,938.00","$31,225.00","$27,596.00","$32,253.00"
1199,"$76,100.00","$70,268.00","$60,625.00","$68,997.67"
1200,"$31,599.00","$32,468.00","$32,500.00","$32,189.00"
1201,"$45,982.00","$44,336.00","$45,000.00","$45,106.00"
1202,"$46,944.00","$47,206.00","$39,485.00","$44,545.00"
1203,"$71,786.00","$60,625.00","$68,036.00","$66,815.67"
1205,"$25,179.00","$24,583.00","$27,098.00","$25,620.00"
1207,"$85,263.00","$74,464.00","$72,841.00","$77,522.67"
1208,"$33,991.00","$32,269.00","$36,197.00","$34,152.33"
1210,"$16,943.00","$17,139.00","$18,777.00","$17,619.67"
1214,"$17,839.00","$19,264.00","$21,285.00","$19,462.67"
1215,"$64,231.00","$60,106.00","$63,409.00","$62,582.00"
1220,"$38,665.00","$43,125.00","$44,930.00","$42,240.00"
1223,"$70,114.00","$68,864.00","$69,292.00","$69,423.33"
1227.01,"$50,364.00","$51,045.00","$57,727.00","$53,045.33"
1227.02,"$20,075.00","$23,194.00","$24,177.00","$22,482.00"
1237,"$29,328.00","$30,035.00","$30,528.00","$29,963.67"
1241,"$61,599.00","$62,285.00","$63,850.00","$62,578.00"
1247,"$80,957.00","$71,790.00","$76,458.00","$76,401.67"
1257,"$52,961.00","$53,667.00","$56,357.00","$54,328.33"
1265,"$63,750.00","$43,750.00","$55,882.00","$54,460.67"
1267,"$78,826.00","$72,434.00","$81,379.00","$77,546.33"
1277,"$101,133.00","$103,472.00","$116,734.00","$107,113.00"
1283,"$49,250.00","$32,188.00","$43,889.00","$41,775.67"
1291.02,"$97,031.00","$95,875.00","$99,973.00","$97,626.33"
1291.03,"$69,556.00","$72,143.00","$63,831.00","$68,510.00"
1291.04,"$86,458.00","$89,527.00","$81,058.00","$85,681.00"
1301,"$71,950.00","$63,189.00","$63,255.00","$66,131.33"
1333,"$89,286.00","$89,856.00","$100,536.00","$93,226.00"
1339,"$100,735.00","$101,731.00","$116,875.00","$106,447.00"
1341,"$87,038.00","$81,524.00","$84,107.00","$84,223.00"
1347,"$53,592.00","$58,604.00","$58,700.00","$56,965.33"
1367,"$63,528.00","$61,681.00","$61,746.00","$62,318.33"
1377,"$64,279.00","$61,292.00","$65,591.00","$63,720.67"
1385.01,"$64,762.00","$65,625.00","$64,176.00","$64,854.33"
1399,"$82,500.00","$95,298.00","$98,345.00","$92,047.67"
1403,"$76,546.00","$76,200.00","$73,681.00","$75,475.67"
1409.01,"$80,500.00","$88,333.00","$100,536.00","$89,789.67"
1409.02,"$95,243.00","$102,908.00","$101,397.00","$99,849.33"
1417,"$77,645.00","$79,226.00","$75,417.00","$77,429.33"
1429,"$71,800.00","$72,222.00","$82,314.00","$75,445.33"
1435,"$76,125.00","$76,528.00","$73,625.00","$75,426.00"
1441,"$87,470.00","$87,000.00","$100,359.00","$91,609.67"
1447,"$77,093.00","$76,500.00","$76,250.00","$76,614.33"
1451.01,"$63,333.00","$78,261.00","$79,886.00","$73,826.67"
1451.02,"$86,316.00","$85,170.00","$90,474.00","$87,320.00"
1459,"$73,409.00","$85,128.00","$86,000.00","$81,512.33"
1463,"$74,152.00","$79,297.00","$83,322.00","$78,923.67"
1467,"$62,198.00","$69,071.00","$71,136.00","$67,468.33"
1471,"$69,625.00","$70,086.00","$73,125.00","$70,945.33"
1479,"$83,909.00","$82,927.00","$81,031.00","$82,622.33"
1483,"$109,306.00","$109,583.00","$120,766.00","$113,218.33"
1502,"$99,637.00","$100,813.00","$105,188.00","$101,879.33"
1507.01,"$86,570.00","$92,308.00","$94,375.00","$91,084.33"
1507.02,"$69,444.00","$68,301.00","$78,258.00","$72,001.00"
1522,"$88,750.00","$81,618.00","$85,147.00","$85,171.67"
1529.01,"$87,163.00","$94,224.00","$83,393.00","$88,260.00"
1529.02,"$82,791.00","$86,552.00","$77,468.00","$82,270.33"
1551.01,"$61,587.00","$58,894.00","$63,368.00","$61,283.00"
1551.02,"$79,114.00","$84,508.00","$88,899.00","$84,173.67"
1567,"$101,016.00","$57,500.00",,"$79,258.00"
1571.01,"$78,652.00","$82,004.00","$80,931.00","$80,529.00"
1571.02,"$71,319.00","$68,846.00","$77,292.00","$72,485.67"
1579.01,"$78,641.00","$82,981.00","$93,466.00","$85,029.33"
1579.02,"$89,395.00","$95,592.00","$103,125.00","$96,037.33"
1579.03,"$81,173.00","$76,330.00","$82,148.00","$79,883.67"
1617,"$88,125.00","$73,929.00","$76,045.00","$79,366.33"
1621,"$74,861.00","$67,425.00","$65,114.00","$69,133.33"